1:FourPixel,
Transient Analysis,
Tue Nov 20 15:05:46 2018,
Input file: \\tsclient\C\Users\marku\Documents\ICdrit\FourPixel.cir,
time [sec],v(vdd) [V],v(11:n1) [V],v(expose) [V],v(11:n2) [V],v(erase) [V],v(11:n3) [V],v(nre_r1) [V],v(out1) [V],v(12:n1) [V],v(12:n2) [V],v(12:n3) [V],v(out2) [V],v(21:n1) [V],v(21:n2) [V],v(21:n3) [V],v(nre_r2) [V],v(22:n1) [V],v(22:n2) [V],v(22:n3) [V],v(m:22:c.drain) [V],v(m:22:c.source) [V],v(m:22:p4.drain) [V],v(m:22:p4.source) [V],v(m:22:p3.drain) [V],v(m:22:p3.source) [V],v(m:21:c.drain) [V],v(m:21:c.source) [V],v(m:21:p4.drain) [V],v(m:21:p4.source) [V],v(m:21:p3.drain) [V],v(m:21:p3.source) [V],v(m:12:c.drain) [V],v(m:12:c.source) [V],v(m:12:p4.drain) [V],v(m:12:p4.source) [V],v(m:12:p3.drain) [V],v(m:12:p3.source) [V],v(m:11:c.drain) [V],v(m:11:c.source) [V],v(m:11:p4.drain) [V],v(m:11:p4.source) [V],v(m:11:p3.drain) [V],v(m:11:p3.source) [V],v(m:22:n2.drain) [V],v(m:22:n2.source) [V],v(m:22:n1.drain) [V],v(m:22:n1.source) [V],v(m:21:n2.drain) [V],v(m:21:n2.source) [V],v(m:21:n1.drain) [V],v(m:21:n1.source) [V],v(m:12:n2.drain) [V],v(m:12:n2.source) [V],v(m:12:n1.drain) [V],v(m:12:n1.source) [V],v(m:11:n2.drain) [V],v(m:11:n2.source) [V],v(m:11:n1.drain) [V],v(m:11:n1.source) [V],i(vnre_r2) [A],i(vnre_r1) [A],i(verase) [A],i(vexpose) [A],i(vdd) [A],
0,1.8,1.89512,0,0.0424566,0,0.419479,1.8,1.75939,1.89512,0.0424566,0.419469,1.75937,1.89512,0.0424566,0.419479,1.8,1.89513,0.0425065,0.419485,1.75937,1.8,0.419485,1.75937,1.1281e-10,0.419485,1.75939,1.8,0.419479,1.75939,1.12918e-10,0.419479,1.75937,1.8,0.419469,1.75937,1.12887e-10,0.419469,1.75939,1.8,0.419479,1.75939,1.12918e-10,0.419479,0.0425065,3.6827e-11,1.89513,0.0425065,0.0424566,3.67945e-11,1.89512,0.0424566,0.0424566,3.67945e-11,1.89512,0.0424566,0.0424566,3.67945e-11,1.89512,0.0424566,0,0,0,0,-1.13249e-10,
1e-06,1.8,1.89513,0,0.0424532,0,0.419422,1.8,1.75939,1.89513,0.0424532,0.419412,1.75937,1.89513,0.0424532,0.419422,1.8,1.89516,0.0425029,0.419406,1.75937,1.8,0.419406,1.75937,1.25152e-10,0.419406,1.75939,1.8,0.419422,1.75939,1.25184e-10,0.419422,1.75937,1.8,0.419412,1.75937,1.25154e-10,0.419412,1.75939,1.8,0.419422,1.75939,1.25184e-10,0.419422,0.0425029,3.68262e-11,1.89516,0.0425029,0.0424532,3.67938e-11,1.89513,0.0424532,0.0424532,3.67938e-11,1.89513,0.0424532,0.0424532,3.67938e-11,1.89513,0.0424532,1.49307e-12,1.62617e-12,-1.16314e-13,-2.86139e-12,-1.01001e-10,
2e-06,1.8,1.89514,0,0.0424498,0,0.41942,1.8,1.75939,1.89514,0.0424498,0.419411,1.75937,1.89514,0.0424498,0.41942,1.8,1.89517,0.0424994,0.419405,1.75937,1.8,0.419405,1.75937,1.2497e-10,0.419405,1.75939,1.8,0.41942,1.75939,1.25008e-10,0.41942,1.75937,1.8,0.419411,1.75937,1.24978e-10,0.419411,1.75939,1.8,0.41942,1.75939,1.25008e-10,0.41942,0.0424994,3.68254e-11,1.89517,0.0424994,0.0424498,3.6793e-11,1.89514,0.0424498,0.0424498,3.6793e-11,1.89514,0.0424498,0.0424498,3.6793e-11,1.89514,0.0424498,1.47089e-12,1.60229e-12,-1.34906e-13,-2.65903e-12,-1.0147e-10,
4e-06,1.8,1.89516,0,0.0424432,0,0.419417,1.8,1.75939,1.89516,0.0424432,0.419407,1.75937,1.89516,0.0424432,0.419417,1.8,1.89518,0.0424926,0.419402,1.75937,1.8,0.419402,1.75937,1.24617e-10,0.419402,1.75939,1.8,0.419417,1.75939,1.24663e-10,0.419417,1.75937,1.8,0.419407,1.75937,1.24633e-10,0.419407,1.75939,1.8,0.419417,1.75939,1.24663e-10,0.419417,0.0424926,3.68239e-11,1.89518,0.0424926,0.0424432,3.67916e-11,1.89516,0.0424432,0.0424432,3.67916e-11,1.89516,0.0424432,0.0424432,3.67916e-11,1.89516,0.0424432,1.42752e-12,1.55552e-12,-1.71273e-13,-2.48861e-12,-1.02133e-10,
8e-06,1.8,1.89516,0,0.0424337,0,0.419413,1.8,1.75939,1.89516,0.0424337,0.419404,1.75937,1.89516,0.0424337,0.419413,1.8,1.89518,0.0424828,0.419399,1.75937,1.8,0.419399,1.75937,1.18359e-10,0.419399,1.75939,1.8,0.419413,1.75939,1.18471e-10,0.419413,1.75937,1.8,0.419404,1.75937,1.18441e-10,0.419404,1.75939,1.8,0.419413,1.75939,1.18471e-10,0.419413,0.0424828,3.68218e-11,1.89518,0.0424828,0.0424337,3.67895e-11,1.89516,0.0424337,0.0424337,3.67895e-11,1.89516,0.0424337,0.0424337,3.67895e-11,1.89516,0.0424337,6.92911e-13,7.53591e-13,-1.11673e-13,-1.34614e-12,-1.07927e-10,
1.6e-05,1.8,1.89515,0,0.0424248,0,0.419411,1.8,1.75939,1.89515,0.0424248,0.419402,1.75937,1.89515,0.0424248,0.419411,1.8,1.89518,0.0424739,0.419398,1.75937,1.8,0.419398,1.75937,1.15381e-10,0.419398,1.75939,1.8,0.419411,1.75939,1.15519e-10,0.419411,1.75937,1.8,0.419402,1.75937,1.15489e-10,0.419402,1.75939,1.8,0.419411,1.75939,1.15519e-10,0.419411,0.0424739,3.68198e-11,1.89518,0.0424739,0.0424248,3.67876e-11,1.89515,0.0424248,0.0424248,3.67876e-11,1.89515,0.0424248,0.0424248,3.67876e-11,1.89515,0.0424248,3.40762e-13,3.69095e-13,-6.79165e-14,-7.78394e-13,-1.10649e-10,
3.2e-05,1.8,1.89515,0,0.0424165,0,0.419411,1.8,1.75939,1.89515,0.0424165,0.419401,1.75937,1.89515,0.0424165,0.419411,1.8,1.89517,0.0424655,0.419399,1.75937,1.8,0.419399,1.75937,1.13969e-10,0.419399,1.75939,1.8,0.419411,1.75939,1.14116e-10,0.419411,1.75937,1.8,0.419401,1.75937,1.14086e-10,0.419401,1.75939,1.8,0.419411,1.75939,1.14116e-10,0.419411,0.0424655,3.6818e-11,1.89517,0.0424655,0.0424165,3.67857e-11,1.89515,0.0424165,0.0424165,3.67857e-11,1.89515,0.0424165,0.0424165,3.67857e-11,1.89515,0.0424165,1.70609e-13,1.83454e-13,6.22444e-14,-4.4684e-13,-1.11984e-10,
6.4e-05,1.8,1.89513,0,0.0424089,0,0.419412,1.8,1.75939,1.89513,0.0424089,0.419402,1.75937,1.89513,0.0424089,0.419412,1.8,1.89516,0.0424579,0.419403,1.75937,1.8,0.419403,1.75937,1.13312e-10,0.419403,1.75939,1.8,0.419412,1.75939,1.13459e-10,0.419412,1.75937,1.8,0.419402,1.75937,1.13428e-10,0.419402,1.75939,1.8,0.419412,1.75939,1.13459e-10,0.419412,0.0424579,3.68163e-11,1.89516,0.0424579,0.0424089,3.6784e-11,1.89513,0.0424089,0.0424089,3.6784e-11,1.89513,0.0424089,0.0424089,3.6784e-11,1.89513,0.0424089,8.73171e-14,9.28027e-14,-6.48111e-14,-2.56281e-13,-1.12645e-10,
0.000128,1.8,1.8951,0,0.0424016,0,0.419414,1.8,1.75939,1.8951,0.0424016,0.419404,1.75937,1.8951,0.0424016,0.419414,1.8,1.89512,0.0424503,0.419408,1.75937,1.8,0.419408,1.75937,1.13016e-10,0.419408,1.75939,1.8,0.419414,1.75939,1.13158e-10,0.419414,1.75937,1.8,0.419404,1.75937,1.13126e-10,0.419404,1.75939,1.8,0.419414,1.75939,1.13158e-10,0.419414,0.0424503,3.68147e-11,1.89512,0.0424503,0.0424016,3.67824e-11,1.8951,0.0424016,0.0424016,3.67824e-11,1.8951,0.0424016,0.0424016,3.67824e-11,1.8951,0.0424016,4.51869e-14,4.73325e-14,6.82077e-14,2.19956e-13,-1.13236e-10,
0.000256,1.8,1.89511,0,0.0423956,0,0.419417,1.8,1.75939,1.89511,0.0423956,0.419407,1.75937,1.89511,0.0423956,0.419417,1.8,1.89513,0.0424441,0.419413,1.75937,1.8,0.419413,1.75937,1.12891e-10,0.419413,1.75939,1.8,0.419417,1.75939,1.13025e-10,0.419417,1.75937,1.8,0.419407,1.75937,1.12992e-10,0.419407,1.75939,1.8,0.419417,1.75939,1.13025e-10,0.419417,0.0424441,3.68134e-11,1.89513,0.0424441,0.0423956,3.67811e-11,1.89511,0.0423956,0.0423956,3.67811e-11,1.89511,0.0423956,0.0423956,3.67811e-11,1.89511,0.0423956,2.34551e-14,2.41889e-14,-5.97773e-14,-2.18242e-13,-1.1306e-10,
0.000512,1.8,1.8951,0,0.042392,0,0.41942,1.8,1.7594,1.8951,0.042392,0.419409,1.75937,1.8951,0.042392,0.41942,1.8,1.89511,0.0424404,0.419418,1.75937,1.8,0.419418,1.75937,1.12841e-10,0.419418,1.7594,1.8,0.41942,1.7594,1.12967e-10,0.41942,1.75937,1.8,0.419409,1.75937,1.12934e-10,0.419409,1.7594,1.8,0.41942,1.7594,1.12967e-10,0.41942,0.0424404,3.68125e-11,1.89511,0.0424404,0.042392,3.67804e-11,1.8951,0.042392,0.042392,3.67804e-11,1.8951,0.042392,0.042392,3.67804e-11,1.8951,0.042392,1.2143e-14,1.23586e-14,5.96242e-14,2.70935e-13,-1.1347e-10,
0.001,1.8,1.89511,0,0.0423923,0,0.419423,1.8,1.7594,1.89511,0.0423922,0.419412,1.75937,1.89511,0.0423923,0.419423,1.8,1.89512,0.0424404,0.419424,1.75937,1.8,0.419424,1.75937,1.12823e-10,0.419424,1.7594,1.8,0.419423,1.7594,1.12943e-10,0.419423,1.75937,1.8,0.419412,1.75937,1.1291e-10,0.419412,1.7594,1.8,0.419423,1.7594,1.12943e-10,0.419423,0.0424404,3.68125e-11,1.89512,0.0424404,0.0423923,3.67804e-11,1.89511,0.0423923,0.0423922,3.67803e-11,1.89511,0.0423922,0.0423923,3.67804e-11,1.89511,0.0423923,6.60887e-15,6.67113e-15,-5.96199e-14,-1.92156e-13,-1.13166e-10,
0.00103,1.8,1.57509,0.18,0.0564624,0,0.428357,1.8,1.7594,1.57509,0.0564623,0.428346,1.75937,1.57509,0.0564624,0.428357,1.8,1.59299,0.0564828,0.427381,1.75937,1.8,0.427381,1.75937,1.27963e-10,0.427381,1.7594,1.8,0.428357,1.7594,1.30825e-10,0.428357,1.75937,1.8,0.428346,1.75937,1.30795e-10,0.428346,1.7594,1.8,0.428357,1.7594,1.30825e-10,0.428357,0.0564828,3.89098e-11,1.59299,0.0564828,0.0564624,3.8891e-11,1.57509,0.0564624,0.0564623,3.8891e-11,1.57509,0.0564623,0.0564624,3.8891e-11,1.57509,0.0564624,3.89963e-12,4.12248e-12,2.55178e-12,-1.00172e-09,-1.92587e-09,
0.00109,1.8,0.111588,0.54,0.111543,0,0.464351,1.8,1.7594,0.111588,0.111543,0.464338,1.75937,0.111588,0.111543,0.464351,1.8,0.115192,0.115135,0.461485,1.75937,1.8,0.461485,1.75937,1.52914e-10,0.461485,1.7594,1.8,0.464351,1.7594,1.57641e-10,0.464351,1.75937,1.8,0.464338,1.75937,1.57613e-10,0.464338,1.7594,1.8,0.464351,1.7594,1.57641e-10,0.464351,0.115135,4.08349e-11,0.115192,0.115135,0.111543,4.07996e-11,0.111588,0.111544,0.111543,4.07996e-11,0.111588,0.111543,0.111543,4.07996e-11,0.111588,0.111544,1.27761e-11,1.30405e-11,7.59957e-12,-1.74078e-09,-5.84615e-09,
0.00114139,1.8,0.126567,0.848338,0.126622,0,0.481484,1.8,1.7594,0.126566,0.126622,0.481469,1.75937,0.126567,0.126622,0.481484,1.8,0.129971,0.130035,0.480503,1.75937,1.8,0.480503,1.75937,3.73437e-11,0.480503,1.7594,1.8,0.481484,1.7594,5.48413e-11,0.481484,1.75937,1.8,0.481469,1.75937,5.48051e-11,0.481469,1.7594,1.8,0.481484,1.7594,5.48413e-11,0.481484,0.130035,4.09313e-11,0.129971,0.130035,0.126622,4.09107e-11,0.126567,0.126622,0.126622,4.09107e-11,0.126566,0.126622,0.126622,4.09107e-11,0.126567,0.126622,-3.81029e-12,-4.02589e-12,-4.42779e-12,-1.20635e-09,5.39776e-09,
0.00118885,1.8,0.142131,1.13309,0.14213,0,0.495105,1.8,1.7594,0.142131,0.14213,0.495091,1.75937,0.142131,0.14213,0.495105,1.8,0.145476,0.145475,0.494843,1.75937,1.8,0.494843,1.75937,1.7579e-10,0.494843,1.7594,1.8,0.495105,1.7594,1.75983e-10,0.495105,1.75937,1.8,0.495091,1.75937,1.75948e-10,0.495091,1.7594,1.8,0.495105,1.7594,1.75983e-10,0.495105,0.145475,4.09922e-11,0.145476,0.145475,0.14213,4.09799e-11,0.142131,0.14213,0.14213,4.09799e-11,0.142131,0.14213,0.14213,4.09799e-11,0.142131,0.14213,1.12597e-11,1.12717e-11,7.97977e-12,-2.02469e-09,-5.83226e-09,
0.00125476,1.8,0.163646,1.52857,0.163647,0,0.512151,1.8,1.7594,0.163646,0.163646,0.512138,1.75937,0.163646,0.163647,0.512151,1.8,0.166903,0.166904,0.512347,1.75937,1.8,0.512347,1.75937,4.31015e-11,0.512347,1.7594,1.8,0.512151,1.7594,5.71792e-11,0.512151,1.75937,1.8,0.512138,1.75937,5.71445e-11,0.512138,1.7594,1.8,0.512151,1.7594,5.71792e-11,0.512151,0.166904,4.1038e-11,0.166903,0.166904,0.163647,4.10323e-11,0.163646,0.163647,0.163646,4.10323e-11,0.163646,0.163646,0.163647,4.10323e-11,0.163646,0.163647,-4.09847e-12,-4.20524e-12,-4.43136e-12,-1.20451e-09,5.39999e-09,
0.0013,1.8,0.178421,1.8,0.178421,0,0.524333,1.8,1.7594,0.178421,0.178421,0.52432,1.75937,0.178421,0.178421,0.524333,1.8,0.181606,0.181605,0.523913,1.75937,1.8,0.523913,1.75937,1.77125e-10,0.523913,1.7594,1.8,0.524333,1.7594,1.77029e-10,0.524333,1.75937,1.8,0.52432,1.75937,1.76995e-10,0.52432,1.7594,1.8,0.524333,1.7594,1.77029e-10,0.524333,0.181605,4.10537e-11,0.181605,0.181605,0.178421,4.10506e-11,0.178421,0.178421,0.178421,4.10506e-11,0.178421,0.178421,0.178421,4.10506e-11,0.178421,0.178421,1.06985e-11,1.04189e-11,7.97196e-12,-2.02285e-09,-5.83339e-09,
0.00131318,1.8,0.17884,1.8,0.17884,0,0.525335,1.8,1.7594,0.17884,0.17884,0.525322,1.75937,0.17884,0.17884,0.525335,1.8,0.182023,0.182023,0.525609,1.75937,1.8,0.525609,1.75937,9.77638e-11,0.525609,1.7594,1.8,0.525335,1.7594,1.03859e-10,0.525335,1.75937,1.8,0.525322,1.75937,1.03825e-10,0.525322,1.7594,1.8,0.525335,1.7594,1.03859e-10,0.525335,0.182023,4.10543e-11,0.182023,0.182023,0.17884,4.10514e-11,0.17884,0.17884,0.17884,4.10514e-11,0.17884,0.17884,0.17884,4.10514e-11,0.17884,0.17884,1.1666e-12,1.0385e-12,1.59514e-13,8.95989e-12,-2.71977e-10,
0.00133955,1.8,0.179669,1.8,0.179669,0,0.526983,1.8,1.7594,0.179669,0.179669,0.526971,1.75937,0.179669,0.179669,0.526983,1.8,0.182852,0.182852,0.527997,1.75937,1.8,0.527997,1.75937,1.02288e-10,0.527997,1.7594,1.8,0.526983,1.7594,1.06594e-10,0.526983,1.75937,1.8,0.526971,1.75937,1.06558e-10,0.526971,1.7594,1.8,0.526983,1.7594,1.06594e-10,0.526983,0.182852,4.10546e-11,0.182852,0.182852,0.179669,4.10517e-11,0.179669,0.179669,0.179669,4.10517e-11,0.179669,0.179669,0.179669,4.10517e-11,0.179669,0.179669,9.24859e-13,6.70112e-13,1.82661e-13,8.84781e-12,-2.69311e-10,
0.00139228,1.8,0.18132,1.8,0.18132,0,0.529649,1.8,1.7594,0.181319,0.181319,0.529637,1.75938,0.18132,0.18132,0.529649,1.8,0.184496,0.184496,0.53103,1.75938,1.8,0.53103,1.75938,1.06958e-10,0.53103,1.7594,1.8,0.529649,1.7594,1.10344e-10,0.529649,1.75938,1.8,0.529637,1.75938,1.10307e-10,0.529637,1.7594,1.8,0.529649,1.7594,1.10344e-10,0.529649,0.184496,4.10557e-11,0.184496,0.184496,0.18132,4.1053e-11,0.18132,0.18132,0.181319,4.1053e-11,0.181319,0.181319,0.18132,4.1053e-11,0.18132,0.18132,1.89289e-13,1.59067e-13,1.92254e-13,8.92567e-12,-2.71909e-10,
0.00149774,1.8,0.184612,1.8,0.184612,0,0.531758,1.8,1.7594,0.184612,0.184612,0.531746,1.75938,0.184612,0.184612,0.531758,1.8,0.187763,0.187763,0.534172,1.75938,1.8,0.534172,1.75938,1.08141e-10,0.534172,1.7594,1.8,0.531758,1.7594,1.0865e-10,0.531758,1.75938,1.8,0.531746,1.75938,1.08615e-10,0.531746,1.7594,1.8,0.531758,1.7594,1.0865e-10,0.531758,0.187763,4.10576e-11,0.187763,0.187763,0.184612,4.10554e-11,0.184612,0.184612,0.184612,4.10554e-11,0.184612,0.184612,0.184612,4.10554e-11,0.184612,0.184612,4.91295e-13,3.87578e-13,1.95902e-13,8.78774e-12,-2.69196e-10,
0.00170867,1.8,0.191196,1.8,0.191196,0,0.537071,1.8,1.7594,0.191196,0.191196,0.537059,1.75938,0.191196,0.191196,0.537071,1.8,0.194319,0.194319,0.539263,1.75938,1.8,0.539263,1.75938,1.08116e-10,0.539263,1.7594,1.8,0.537071,1.7594,1.0899e-10,0.537071,1.75938,1.8,0.537059,1.75938,1.08954e-10,0.537059,1.7594,1.8,0.537071,1.7594,1.0899e-10,0.537071,0.194319,4.10604e-11,0.194319,0.194319,0.191196,4.10589e-11,0.191196,0.191196,0.191196,4.10589e-11,0.191196,0.191196,0.191196,4.10589e-11,0.191196,0.191196,1.82933e-13,3.01112e-13,1.43413e-13,8.89787e-12,-2.72186e-10,
0.00213052,1.8,0.204336,1.8,0.204336,0,0.547062,1.8,1.75941,0.204336,0.204336,0.54705,1.75938,0.204336,0.204336,0.547062,1.8,0.207407,0.207407,0.549875,1.75938,1.8,0.549875,1.75938,1.08549e-10,0.549875,1.75941,1.8,0.547062,1.75941,1.07567e-10,0.547062,1.75938,1.8,0.54705,1.75938,1.07533e-10,0.54705,1.75941,1.8,0.547062,1.75941,1.07567e-10,0.547062,0.207407,4.10625e-11,0.207407,0.207407,0.204336,4.10622e-11,0.204336,0.204336,0.204336,4.10622e-11,0.204336,0.204336,0.204336,4.10622e-11,0.204336,0.204336,4.75143e-13,5.59435e-13,1.952e-13,8.75088e-12,-2.68956e-10,
0.00297422,1.8,0.230522,1.8,0.230522,0,0.568287,1.8,1.75942,0.230522,0.230522,0.568275,1.7594,0.230522,0.230522,0.568287,1.8,0.233461,0.233461,0.569834,1.7594,1.8,0.569834,1.7594,1.05963e-10,0.569834,1.75942,1.8,0.568287,1.75942,1.0821e-10,0.568287,1.7594,1.8,0.568275,1.7594,1.08174e-10,0.568275,1.75942,1.8,0.568287,1.75942,1.0821e-10,0.568287,0.233461,4.10565e-11,0.233461,0.233461,0.230522,4.10576e-11,0.230522,0.230522,0.230522,4.10576e-11,0.230522,0.230522,0.230522,4.10576e-11,0.230522,0.230522,1.92124e-13,1.28328e-13,1.41051e-13,8.87117e-12,-2.71515e-10,
0.00417422,1.8,0.267531,1.8,0.267531,0,0.597039,1.8,1.75944,0.267531,0.267531,0.597027,1.75941,0.267531,0.267531,0.597039,1.8,0.270304,0.270304,0.599303,1.75941,1.8,0.599303,1.75941,1.06003e-10,0.599303,1.75944,1.8,0.597039,1.75944,1.05919e-10,0.597039,1.75941,1.8,0.597027,1.75941,1.05885e-10,0.597027,1.75944,1.8,0.597039,1.75944,1.05919e-10,0.597039,0.270304,4.10336e-11,0.270304,0.270304,0.267531,4.10357e-11,0.267531,0.267531,0.267531,4.10357e-11,0.267531,0.267531,0.267531,4.10357e-11,0.267531,0.267531,4.75957e-13,4.74412e-13,1.90141e-13,8.63019e-12,-2.67914e-10,
0.00537422,1.8,0.304278,1.8,0.304278,0,0.626254,1.8,1.75945,0.304278,0.304278,0.626242,1.75943,0.304278,0.304278,0.626254,1.8,0.306873,0.306873,0.627792,1.75943,1.8,0.627792,1.75943,1.04123e-10,0.627792,1.75945,1.8,0.626254,1.75945,1.05569e-10,0.626254,1.75943,1.8,0.626242,1.75943,1.05535e-10,0.626242,1.75945,1.8,0.626254,1.75945,1.05569e-10,0.626254,0.306873,4.10015e-11,0.306873,0.306873,0.304278,4.10039e-11,0.304278,0.304278,0.304278,4.10039e-11,0.304278,0.304278,0.304278,4.10039e-11,0.304278,0.304278,1.81436e-13,1.91246e-13,1.42679e-13,8.75702e-12,-2.70387e-10,
0.00657422,1.8,0.340745,1.8,0.340745,0,0.654636,1.8,1.75947,0.340745,0.340745,0.654625,1.75945,0.340745,0.340745,0.654636,1.8,0.343189,0.343189,0.656542,1.75945,1.8,0.656542,1.75945,1.03576e-10,0.656542,1.75947,1.8,0.654636,1.75947,1.0374e-10,0.654636,1.75945,1.8,0.654625,1.75945,1.03709e-10,0.654625,1.75947,1.8,0.654636,1.75947,1.0374e-10,0.654636,0.343189,4.09643e-11,0.343189,0.343189,0.340745,4.0967e-11,0.340745,0.340745,0.340745,4.0967e-11,0.340745,0.340745,0.340745,4.0967e-11,0.340745,0.340745,4.69483e-13,4.55497e-13,1.86188e-13,8.50004e-12,-2.66672e-10,
0.00777422,1.8,0.37694,1.8,0.37694,0,0.683323,1.8,1.75949,0.37694,0.37694,0.683311,1.75947,0.37694,0.37694,0.683323,1.8,0.37926,0.37926,0.684628,1.75947,1.8,0.684628,1.75947,1.01903e-10,0.684628,1.75949,1.8,0.683323,1.75949,1.03315e-10,0.683323,1.75947,1.8,0.683311,1.75947,1.03283e-10,0.683311,1.75949,1.8,0.683323,1.75949,1.03315e-10,0.683323,0.37926,4.09245e-11,0.37926,0.37926,0.37694,4.09271e-11,0.37694,0.37694,0.37694,4.09271e-11,0.37694,0.37694,0.37694,4.09271e-11,0.37694,0.37694,1.64398e-13,1.60337e-13,1.41749e-13,8.57131e-12,-2.69109e-10,
0.00897422,1.8,0.412879,1.8,0.412879,0,0.711176,1.8,1.75951,0.412879,0.412879,0.711164,1.75949,0.412879,0.412879,0.711176,1.8,0.415031,0.415031,0.712863,1.75949,1.8,0.712863,1.75949,1.0134e-10,0.712863,1.75951,1.8,0.711176,1.75951,1.01449e-10,0.711176,1.75949,1.8,0.711164,1.75949,1.01419e-10,0.711164,1.75951,1.8,0.711176,1.75951,1.01449e-10,0.711176,0.415031,4.08833e-11,0.415031,0.415031,0.412879,4.08858e-11,0.412879,0.412879,0.412879,4.08858e-11,0.412879,0.412879,0.412879,4.08858e-11,0.412879,0.412879,4.71469e-13,4.74354e-13,1.80435e-13,8.4334e-12,-2.65539e-10,
0.0101742,1.8,0.448571,1.8,0.448571,0,0.739368,1.8,1.75953,0.448571,0.448571,0.739356,1.75951,0.448571,0.448571,0.739368,1.8,0.450558,0.450558,0.740478,1.75951,1.8,0.740478,1.75951,9.9824e-11,0.740478,1.75953,1.8,0.739368,1.75953,1.00996e-10,0.739368,1.75951,1.8,0.739356,1.75951,1.00965e-10,0.739356,1.75953,1.8,0.739368,1.75953,1.00996e-10,0.739368,0.450558,4.08414e-11,0.450558,0.450558,0.448571,4.08438e-11,0.448571,0.448571,0.448571,4.08438e-11,0.448571,0.448571,0.448571,4.08438e-11,0.448571,0.448571,1.55405e-13,1.67952e-13,1.42841e-13,8.44356e-12,-2.68057e-10,
0.0113742,1.8,0.483989,1.8,0.483989,0,0.76676,1.8,1.75956,0.483989,0.483989,0.766749,1.75953,0.483989,0.483989,0.76676,1.8,0.485866,0.485866,0.768155,1.75953,1.8,0.768155,1.75953,9.89922e-11,0.768155,1.75956,1.8,0.76676,1.75956,9.92735e-11,0.76676,1.75953,1.8,0.766749,1.75953,9.92442e-11,0.766749,1.75956,1.8,0.76676,1.75956,9.92734e-11,0.76676,0.485866,4.07993e-11,0.485866,0.485866,0.483989,4.08015e-11,0.483989,0.483989,0.483989,4.08015e-11,0.483989,0.483989,0.483989,4.08015e-11,0.483989,0.483989,4.7966e-13,4.71492e-13,1.76934e-13,8.24154e-12,-2.64305e-10,
0.0125742,1.8,0.519143,1.8,0.519143,0,0.794431,1.8,1.75958,0.519143,0.519143,0.794419,1.75956,0.519143,0.519143,0.794431,1.8,0.520886,0.520886,0.795301,1.75956,1.8,0.795301,1.75956,9.75168e-11,0.795301,1.75958,1.8,0.794431,1.75958,9.87915e-11,0.794431,1.75956,1.8,0.794419,1.75956,9.87617e-11,0.794419,1.75958,1.8,0.794431,1.75958,9.87916e-11,0.794431,0.520886,4.07573e-11,0.520886,0.520886,0.519143,4.07594e-11,0.519143,0.519143,0.519143,4.07594e-11,0.519143,0.519143,0.519143,4.07594e-11,0.519143,0.519143,1.52339e-13,1.53234e-13,1.34534e-13,8.39487e-12,-2.66863e-10,
0.0137742,1.8,0.554047,1.8,0.554047,0,0.821372,1.8,1.7596,0.554047,0.554047,0.82136,1.75958,0.554047,0.554047,0.821372,1.8,0.555644,0.555644,0.822502,1.75958,1.8,0.822502,1.75958,9.68804e-11,0.822502,1.7596,1.8,0.821372,1.7596,9.72177e-11,0.821372,1.75958,1.8,0.82136,1.75958,9.71886e-11,0.82136,1.7596,1.8,0.821372,1.7596,9.72177e-11,0.821372,0.555644,4.07157e-11,0.555644,0.555644,0.554047,4.07176e-11,0.554047,0.554047,0.554047,4.07176e-11,0.554047,0.554047,0.554047,4.07176e-11,0.554047,0.554047,4.66028e-13,4.465e-13,1.81643e-13,8.13265e-12,-2.63227e-10,
0.0149742,1.8,0.588709,1.8,0.588709,0,0.848485,1.8,1.75962,0.588709,0.588709,0.848473,1.7596,0.588709,0.588709,0.848485,1.8,0.59017,0.59017,0.84919,1.7596,1.8,0.84919,1.7596,9.54334e-11,0.84919,1.75962,1.8,0.848485,1.75962,9.65286e-11,0.848485,1.7596,1.8,0.848473,1.7596,9.64992e-11,0.848473,1.75962,1.8,0.848485,1.75962,9.65286e-11,0.848485,0.59017,4.06745e-11,0.59017,0.59017,0.588709,4.06763e-11,0.588709,0.588709,0.588709,4.06763e-11,0.588709,0.588709,0.588709,4.06763e-11,0.588709,0.588709,1.55061e-13,1.71346e-13,1.34783e-13,8.2308e-12,-2.65805e-10,
0.0161742,1.8,0.623106,1.8,0.623106,0,0.874976,1.8,1.75964,0.623106,0.623106,0.874965,1.75962,0.623106,0.623106,0.874976,1.8,0.624426,0.624425,0.875932,1.75962,1.8,0.875932,1.75962,9.48187e-11,0.875932,1.75964,1.8,0.874976,1.75964,9.50866e-11,0.874976,1.75962,1.8,0.874965,1.75962,9.50585e-11,0.874965,1.75964,1.8,0.874976,1.75964,9.50866e-11,0.874976,0.624425,4.0634e-11,0.624426,0.624425,0.623106,4.06355e-11,0.623106,0.623106,0.623106,4.06355e-11,0.623106,0.623106,0.623106,4.06355e-11,0.623106,0.623106,4.58424e-13,4.54391e-13,1.77301e-13,8.04562e-12,-2.62044e-10,
0.0173742,1.8,0.657244,1.8,0.657244,0,0.901582,1.8,1.75966,0.657244,0.657244,0.90157,1.75964,0.657244,0.657244,0.901582,1.8,0.658437,0.658437,0.902141,1.75964,1.8,0.902141,1.75964,9.35431e-11,0.902141,1.75966,1.8,0.901582,1.75966,9.43866e-11,0.901582,1.75964,1.8,0.90157,1.75964,9.43576e-11,0.90157,1.75966,1.8,0.901582,1.75966,9.43866e-11,0.901582,0.658437,4.05941e-11,0.658437,0.658437,0.657244,4.05955e-11,0.657244,0.657244,0.657244,4.05955e-11,0.657244,0.657244,0.657244,4.05955e-11,0.657244,0.657244,1.36216e-13,1.6769e-13,1.25705e-13,8.08565e-12,-2.64624e-10,
0.0185742,1.8,0.691139,1.8,0.691139,0,0.927625,1.8,1.75968,0.691139,0.691139,0.927613,1.75966,0.691139,0.691139,0.927626,1.8,0.692241,0.692241,0.928311,1.75966,1.8,0.928311,1.75966,9.25918e-11,0.928311,1.75968,1.8,0.927626,1.75968,9.30625e-11,0.927626,1.75966,1.8,0.927613,1.75966,9.30342e-11,0.927613,1.75968,1.8,0.927625,1.75968,9.30625e-11,0.927625,0.692241,4.05548e-11,0.692241,0.692241,0.691139,4.05561e-11,0.691139,0.691139,0.691139,4.05561e-11,0.691139,0.691139,0.691139,4.05561e-11,0.691139,0.691139,4.66106e-13,4.40512e-13,1.8145e-13,7.85259e-12,-2.60991e-10,
0.0197742,1.8,0.724815,1.8,0.724815,0,0.953777,1.8,1.7597,0.724815,0.724815,0.953764,1.75968,0.724815,0.724815,0.953776,1.8,0.725749,0.725749,0.954055,1.75968,1.8,0.954055,1.75968,9.13457e-11,0.954055,1.7597,1.8,0.953776,1.7597,9.23628e-11,0.953776,1.75968,1.8,0.953764,1.75968,9.23342e-11,0.953764,1.7597,1.8,0.953777,1.7597,9.23629e-11,0.953777,0.725749,4.05163e-11,0.725749,0.725749,0.724815,4.05174e-11,0.724815,0.724815,0.724815,4.05174e-11,0.724815,0.724815,0.724815,4.05174e-11,0.724815,0.724815,1.33426e-13,1.43446e-13,1.25574e-13,7.90678e-12,-2.63536e-10,
0.0209742,1.8,0.758298,1.8,0.758298,0,0.979438,1.8,1.75972,0.758298,0.758298,0.979426,1.7597,0.758298,0.758298,0.979438,1.8,0.759011,0.759011,0.979729,1.7597,1.8,0.979729,1.7597,9.04073e-11,0.979729,1.75972,1.8,0.979438,1.75972,9.11431e-11,0.979438,1.7597,1.8,0.979426,1.7597,9.11155e-11,0.979426,1.75972,1.8,0.979438,1.75972,9.11432e-11,0.979438,0.759011,4.04786e-11,0.759011,0.759011,0.758298,4.04794e-11,0.758298,0.758298,0.758298,4.04794e-11,0.758298,0.758298,0.758298,4.04794e-11,0.758298,0.758298,4.53321e-13,4.07573e-13,1.77286e-13,7.46304e-12,-2.59939e-10,
0.0221742,1.8,0.791459,1.8,0.791459,0,1.00498,1.8,1.75974,0.791459,0.791459,1.00497,1.75972,0.791459,0.791459,1.00498,1.8,0.792044,0.792044,1.00513,1.75972,1.8,1.00513,1.75972,8.96222e-11,1.00513,1.75974,1.8,1.00498,1.75974,9.01844e-11,1.00498,1.75972,1.8,1.00497,1.75972,9.01563e-11,1.00497,1.75974,1.8,1.00498,1.75974,9.01843e-11,1.00498,0.792044,4.04417e-11,0.792044,0.792044,0.791459,4.04423e-11,0.791459,0.791459,0.791459,4.04423e-11,0.791459,0.791459,0.791459,4.04423e-11,0.791459,0.791459,1.27184e-13,1.74525e-13,1.16831e-13,8.22945e-12,-2.62525e-10,
0.0233742,1.8,0.82438,1.8,0.82438,0,1.03013,1.8,1.75976,0.82438,0.82438,1.03012,1.75974,0.82438,0.82438,1.03013,1.8,0.824868,0.824868,1.03029,1.75974,1.8,1.03029,1.75974,8.84753e-11,1.03029,1.75976,1.8,1.03013,1.75976,8.89875e-11,1.03013,1.75974,1.8,1.03012,1.75974,8.89597e-11,1.03012,1.75976,1.8,1.03013,1.75976,8.89872e-11,1.03013,0.824868,4.04055e-11,0.824868,0.824868,0.82438,4.0406e-11,0.82438,0.82438,0.82438,4.0406e-11,0.82438,0.82438,0.82438,4.0406e-11,0.82438,0.82438,4.60155e-13,4.2694e-13,1.81476e-13,7.26225e-12,-2.58839e-10,
0.0245742,1.8,0.857074,1.8,0.857074,0,1.05531,1.8,1.75978,0.857074,0.857074,1.05529,1.75976,0.857074,0.857074,1.05531,1.8,0.857397,0.857397,1.05523,1.75976,1.8,1.05523,1.75976,8.77206e-11,1.05523,1.75978,1.8,1.05531,1.75978,8.83519e-11,1.05531,1.75976,1.8,1.05529,1.75976,8.83235e-11,1.05529,1.75978,1.8,1.05531,1.75978,8.83519e-11,1.05531,0.857397,4.03701e-11,0.857397,0.857397,0.857074,4.03705e-11,0.857074,0.857074,0.857074,4.03705e-11,0.857074,0.857074,0.857074,4.03705e-11,0.857074,0.857074,1.05334e-13,1.46785e-13,1.16697e-13,8.03257e-12,-2.61396e-10,
0.0257742,1.8,0.889495,1.8,0.889495,0,1.07998,1.8,1.7598,0.889495,0.889494,1.07997,1.75978,0.889495,0.889494,1.07998,1.8,0.889692,0.889692,1.07991,1.75978,1.8,1.07991,1.75978,8.65913e-11,1.07991,1.7598,1.8,1.07998,1.7598,8.71599e-11,1.07998,1.75978,1.8,1.07997,1.75978,8.71326e-11,1.07997,1.7598,1.8,1.07998,1.7598,8.71599e-11,1.07998,0.889692,4.03356e-11,0.889692,0.889692,0.889494,4.03358e-11,0.889495,0.889494,0.889494,4.03358e-11,0.889495,0.889494,0.889495,4.03358e-11,0.889495,0.889495,4.27447e-13,3.8848e-13,1.76744e-13,7.30584e-12,-2.57786e-10,
0.0269742,1.8,0.921686,1.8,0.921686,0,1.10458,1.8,1.75982,0.921686,0.921686,1.10457,1.7598,0.921686,0.921686,1.10458,1.8,0.921772,0.921772,1.10429,1.7598,1.8,1.10429,1.7598,8.55429e-11,1.10429,1.75982,1.8,1.10458,1.75982,8.62816e-11,1.10458,1.7598,1.8,1.10457,1.7598,8.62536e-11,1.10457,1.75982,1.8,1.10458,1.75982,8.62816e-11,1.10458,0.921772,4.03018e-11,0.921772,0.921772,0.921686,4.03019e-11,0.921686,0.921686,0.921686,4.03019e-11,0.921686,0.921686,0.921686,4.03019e-11,0.921686,0.921686,1.30543e-13,1.72009e-13,1.07535e-13,7.89469e-12,-2.6042e-10,
0.0281742,1.8,0.953652,1.8,0.953652,0,1.12883,1.8,1.75984,0.953652,0.953652,1.12882,1.75982,0.953652,0.953652,1.12883,1.8,0.953611,0.953611,1.12853,1.75982,1.8,1.12853,1.75982,8.46343e-11,1.12853,1.75984,1.8,1.12883,1.75984,8.51092e-11,1.12883,1.75982,1.8,1.12882,1.75982,8.50814e-11,1.12882,1.75984,1.8,1.12883,1.75984,8.51092e-11,1.12883,0.953611,4.02688e-11,0.953611,0.953611,0.953652,4.02688e-11,0.953652,0.953652,0.953652,4.02688e-11,0.953652,0.953652,0.953652,4.02688e-11,0.953652,0.953652,4.42899e-13,4.03928e-13,1.82044e-13,7.19443e-12,-2.56811e-10,
0.0293742,1.8,0.985388,1.8,0.985388,0,1.15302,1.8,1.75986,0.985388,0.985388,1.153,1.75983,0.985388,0.985388,1.15302,1.8,0.985226,0.985226,1.15255,1.75983,1.8,1.15255,1.75983,8.37605e-11,1.15255,1.75986,1.8,1.15302,1.75986,8.44983e-11,1.15302,1.75983,1.8,1.153,1.75983,8.44702e-11,1.153,1.75986,1.8,1.15302,1.75986,8.44984e-11,1.15302,0.985226,4.02366e-11,0.985226,0.985226,0.985388,4.02365e-11,0.985388,0.985388,0.985388,4.02365e-11,0.985388,0.985388,0.985388,4.02365e-11,0.985388,0.985388,1.0631e-13,1.47279e-13,1.0868e-13,7.70698e-12,-2.59398e-10,
0.0305742,1.8,1.01691,1.8,1.01691,0,1.17686,1.8,1.75987,1.01691,1.01691,1.17685,1.75985,1.01691,1.01691,1.17686,1.8,1.01665,1.01665,1.17634,1.75985,1.8,1.17634,1.75985,8.27489e-11,1.17634,1.75987,1.8,1.17686,1.75987,8.3337e-11,1.17686,1.75985,1.8,1.17685,1.75985,8.33096e-11,1.17685,1.75987,1.8,1.17686,1.75987,8.3337e-11,1.17686,1.01665,4.02052e-11,1.01665,1.01665,1.01691,4.02049e-11,1.01691,1.01691,1.01691,4.02049e-11,1.01691,1.01691,1.01691,4.02049e-11,1.01691,1.01691,4.23451e-13,3.69942e-13,1.79254e-13,6.8541e-12,-2.5578e-10,
0.0313,1.8,1.03591,1.8,1.03591,0,1.19123,1.8,1.75988,1.03591,1.03591,1.19121,1.75986,1.03591,1.03591,1.19123,1.8,1.03557,1.03557,1.19068,1.75986,1.8,1.19068,1.75986,8.23257e-11,1.19068,1.75988,1.8,1.19123,1.75988,8.28683e-11,1.19123,1.75986,1.8,1.19121,1.75986,8.28406e-11,1.19121,1.75988,1.8,1.19123,1.75988,8.2868e-11,1.19123,1.03557,4.01865e-11,1.03557,1.03557,1.03591,4.01862e-11,1.03591,1.03591,1.03591,4.01862e-11,1.03591,1.03591,1.03591,4.01862e-11,1.03591,1.03591,1.1076e-13,1.71286e-13,1.02099e-13,7.17048e-12,-2.58567e-10,
0.03133,1.8,1.03173,1.62,1.03174,0,1.18879,1.8,1.75988,1.03173,1.03174,1.18878,1.75986,1.03173,1.03174,1.1888,1.8,1.03141,1.03141,1.1889,1.75986,1.8,1.1889,1.75986,7.62708e-11,1.1889,1.75988,1.8,1.1888,1.75988,7.56698e-11,1.1888,1.75986,1.8,1.18878,1.75986,7.56422e-11,1.18878,1.75988,1.8,1.18879,1.75988,7.56691e-11,1.18879,1.03141,4.01906e-11,1.03141,1.03141,1.03174,4.01903e-11,1.03173,1.03174,1.03174,4.01903e-11,1.03173,1.03174,1.03174,4.01903e-11,1.03173,1.03174,-9.84086e-13,-9.74734e-13,-8.20834e-13,1.04857e-09,-2.8942e-10,
0.03139,1.8,1.07707,1.26,1.02806,0,1.18634,1.8,1.75989,1.07707,1.02806,1.18633,1.75986,1.07707,1.02806,1.18634,1.8,1.07394,1.02774,1.18653,1.75986,1.8,1.18653,1.75986,8.57094e-11,1.18653,1.75989,1.8,1.18634,1.75989,8.46664e-11,1.18634,1.75986,1.8,1.18633,1.75986,8.46383e-11,1.18633,1.75989,1.8,1.18634,1.75989,8.4666e-11,1.18634,1.02774,4.01942e-11,1.07394,1.02774,1.02806,4.01939e-11,1.07707,1.02806,1.02806,4.01939e-11,1.07707,1.02806,1.02806,4.01939e-11,1.07707,1.02806,-1.15885e-13,-1.43318e-13,1.53457e-13,1.82883e-10,-1.72278e-11,
0.03151,1.8,1.09107,0.54,1.02339,0,1.18266,1.8,1.75989,1.09107,1.02339,1.18264,1.75987,1.09107,1.02339,1.18266,1.8,1.08714,1.02309,1.18282,1.75987,1.8,1.18282,1.75987,7.89397e-11,1.18282,1.75989,1.8,1.18266,1.75989,7.82474e-11,1.18266,1.75987,1.8,1.18264,1.75987,7.82196e-11,1.18264,1.75989,1.8,1.18266,1.75989,7.82477e-11,1.18266,1.02309,4.01988e-11,1.08714,1.02309,1.02339,4.01985e-11,1.09107,1.02339,1.02339,4.01985e-11,1.09107,1.02339,1.02339,4.01985e-11,1.09107,1.02339,-8.00856e-13,-7.67726e-13,-6.1717e-13,1.07664e-09,-4.76874e-10,
0.0316,1.8,1.10659,0,1.01971,0,1.17988,1.8,1.75989,1.10659,1.01971,1.17986,1.75987,1.10659,1.01971,1.17988,1.8,1.10174,1.01942,1.18,1.75987,1.8,1.18,1.75987,8.56536e-11,1.18,1.75989,1.8,1.17988,1.75989,8.4805e-11,1.17988,1.75987,1.8,1.17986,1.75987,8.47768e-11,1.17986,1.75989,1.8,1.17988,1.75989,8.4805e-11,1.17988,1.01942,4.02024e-11,1.10174,1.01942,1.01971,4.02022e-11,1.10659,1.01971,1.01971,4.02022e-11,1.10659,1.01971,1.01971,4.02021e-11,1.10659,1.01971,-4.82288e-14,-7.63971e-14,1.72878e-13,3.19809e-10,-4.9803e-13,
0.0316093,1.8,1.11693,0,1.01963,0,1.17967,1.8,1.75989,1.11693,1.01963,1.17965,1.75987,1.11693,1.01963,1.17967,1.8,1.11146,1.01934,1.17977,1.75987,1.8,1.17977,1.75987,8.32807e-11,1.17977,1.75989,1.8,1.17967,1.75989,8.26349e-11,1.17967,1.75987,1.8,1.17965,1.75987,8.26072e-11,1.17965,1.75989,1.8,1.17967,1.75989,8.26355e-11,1.17967,1.01934,4.02025e-11,1.11146,1.01934,1.01963,4.02022e-11,1.11693,1.01963,1.01963,4.02022e-11,1.11693,1.01963,1.01963,4.02022e-11,1.11693,1.01963,-2.35348e-13,-2.14527e-13,-8.63784e-14,3.01313e-11,-9.8369e-11,
0.031628,1.8,1.13759,0,1.01945,0,1.17939,1.8,1.75989,1.13759,1.01945,1.17938,1.75987,1.13759,1.01945,1.17939,1.8,1.13087,1.01916,1.17943,1.75987,1.8,1.17943,1.75987,8.60794e-11,1.17943,1.75989,1.8,1.17939,1.75989,8.55816e-11,1.17939,1.75987,1.8,1.17938,1.75987,8.5554e-11,1.17938,1.75989,1.8,1.17939,1.75989,8.55822e-11,1.17939,1.01916,4.02027e-11,1.13087,1.01916,1.01945,4.02024e-11,1.13759,1.01945,1.01945,4.02024e-11,1.13759,1.01945,1.01945,4.02024e-11,1.13759,1.01945,1.80196e-13,2.40986e-13,2.45673e-13,3.00026e-11,-9.55435e-11,
0.0316654,1.8,1.17879,0,1.0191,0,1.17855,1.8,1.75989,1.17879,1.0191,1.17853,1.75987,1.17879,1.0191,1.17855,1.8,1.16961,1.01881,1.17848,1.75987,1.8,1.17848,1.75987,7.89932e-11,1.17848,1.75989,1.8,1.17855,1.75989,7.86329e-11,1.17855,1.75987,1.8,1.17853,1.75987,7.86054e-11,1.17853,1.75989,1.8,1.17855,1.75989,7.86333e-11,1.17855,1.01881,4.0203e-11,1.16961,1.01881,1.0191,4.02028e-11,1.17879,1.0191,1.0191,4.02028e-11,1.17879,1.0191,1.0191,4.02028e-11,1.17879,1.0191,8.28553e-14,1.51838e-13,3.48728e-13,2.98007e-11,-1.00666e-10,
0.0317402,1.8,1.26066,0,1.01843,0,1.17854,1.8,1.75989,1.26066,1.01843,1.17852,1.75987,1.26066,1.01843,1.17854,1.8,1.24662,1.01814,1.17829,1.75987,1.8,1.17829,1.75987,8.3508e-11,1.17829,1.75989,1.8,1.17854,1.75989,8.35535e-11,1.17854,1.75987,1.8,1.17852,1.75987,8.35246e-11,1.17852,1.75989,1.8,1.17854,1.75989,8.35537e-11,1.17854,1.01814,4.02037e-11,1.24662,1.01814,1.01843,4.02034e-11,1.26066,1.01843,1.01843,4.02034e-11,1.26066,1.01843,1.01843,4.02034e-11,1.26066,1.01843,-1.19065e-13,-1.56345e-13,-4.46366e-13,2.98405e-11,-9.8e-11,
0.0318897,1.8,1.42176,0,1.01703,0,1.17743,1.8,1.75989,1.42176,1.01703,1.17742,1.75987,1.42176,1.01703,1.17743,1.8,1.39848,1.01675,1.17727,1.75987,1.8,1.17727,1.75987,8.15592e-11,1.17727,1.75989,1.8,1.17743,1.75989,8.14454e-11,1.17743,1.75987,1.8,1.17742,1.75987,8.14159e-11,1.17742,1.75989,1.8,1.17743,1.75989,8.14453e-11,1.17743,1.01675,4.02051e-11,1.39848,1.01675,1.01703,4.02048e-11,1.42176,1.01703,1.01703,4.02048e-11,1.42176,1.01703,1.01703,4.02048e-11,1.42176,1.01703,-7.44963e-14,-4.49425e-14,3.45076e-13,2.88482e-11,-1.00049e-10,
0.032,1.8,1.53855,0,1.01599,0,1.17665,1.8,1.75989,1.53855,1.01599,1.17663,1.75987,1.53855,1.01599,1.17665,1.8,1.5088,1.01572,1.17648,1.75987,1.8,1.17648,1.75987,8.36537e-11,1.17648,1.75989,1.8,1.17665,1.75989,8.35532e-11,1.17665,1.75987,1.8,1.17663,1.75987,8.35239e-11,1.17663,1.75989,1.8,1.17665,1.75989,8.35531e-11,1.17665,1.01572,4.02061e-11,1.5088,1.01572,1.01599,4.02058e-11,1.53855,1.01599,1.01599,4.02058e-11,1.53855,1.01599,1.01599,4.02058e-11,1.53855,1.01599,-1.20598e-13,-1.49173e-13,-4.56015e-13,2.88126e-11,-9.90823e-11,
0.0320037,1.8,1.54247,0,1.01591,0,1.16678,1.77757,1.75987,1.54247,1.01591,1.16677,1.75984,1.54247,1.01596,1.17659,1.8,1.51251,1.01569,1.17649,1.75984,1.8,1.17649,1.75984,8.25365e-11,1.17649,1.75987,1.8,1.17659,1.75987,8.23062e-11,1.17659,1.75984,1.8,1.16677,1.75984,6.17042e-11,1.16677,1.75987,1.8,1.16678,1.75987,6.17252e-11,1.16678,1.01569,4.02061e-11,1.51251,1.01569,1.01596,4.02059e-11,1.54247,1.01596,1.01591,4.02059e-11,1.54247,1.01591,1.01591,4.02059e-11,1.54247,1.01591,-2.24141e-13,3.15277e-10,-2.32042e-13,2.8398e-11,-2.85393e-10,
0.0320112,1.8,1.55033,0,1.01576,0,1.15312,1.73272,1.7598,1.55033,1.01576,1.15309,1.75978,1.55033,1.01589,1.17653,1.8,1.51995,1.01562,1.17643,1.75978,1.8,1.17643,1.75978,8.25306e-11,1.17643,1.7598,1.8,1.17653,1.7598,8.22907e-11,1.17653,1.75978,1.8,1.15309,1.75978,4.99834e-11,1.15309,1.7598,1.8,1.15312,1.7598,5.00016e-11,1.15312,1.01562,4.02062e-11,1.51995,1.01562,1.01589,4.02059e-11,1.55033,1.01589,1.01576,4.02061e-11,1.55033,1.01576,1.01576,4.02061e-11,1.55033,1.01576,-4.95269e-13,3.29799e-10,-2.89857e-13,2.77824e-11,-2.79465e-10,
0.0320262,1.8,1.56607,0,1.01609,0,1.23945,1.64302,1.75932,1.56607,1.01609,1.23939,1.7593,1.56607,1.01575,1.17637,1.8,1.53484,1.01548,1.17627,1.7593,1.8,1.17627,1.7593,8.24978e-11,1.17627,1.75932,1.8,1.17637,1.75932,8.22615e-11,1.17637,1.7593,1.8,1.23939,1.7593,5.79331e-10,1.23939,1.75932,1.8,1.23945,1.75932,5.80562e-10,1.23945,1.01548,4.02063e-11,1.53484,1.01548,1.01575,4.02061e-11,1.56607,1.01575,1.01609,4.02057e-11,1.56607,1.01609,1.01609,4.02057e-11,1.56607,1.01609,-7.20533e-13,5.09787e-10,-3.23994e-15,2.88961e-11,-2.81893e-10,
0.0320561,1.8,1.59738,0,1.01658,0,1.38084,1.46361,1.73174,1.59738,1.01658,1.38084,1.73174,1.59745,1.01545,1.1736,1.8,1.56452,1.01518,1.17392,1.73174,1.8,1.17392,1.73174,7.83157e-11,1.17392,1.73174,1.8,1.1736,1.73174,7.73219e-11,1.1736,1.73174,1.8,1.38084,1.73174,8.3053e-08,1.38084,1.73174,1.8,1.38084,1.73174,8.30515e-08,1.38084,1.01518,4.02066e-11,1.56452,1.01518,1.01545,4.02064e-11,1.59745,1.01545,1.01658,4.02053e-11,1.59738,1.01658,1.01658,4.02053e-11,1.59738,1.01658,-2.86422e-11,2.56425e-10,1.06827e-13,2.80029e-11,-3.65591e-10,
0.0320993,1.8,1.64226,0,1.01638,0,1.41695,1.20421,1.57193,1.64226,1.01638,1.41698,1.57195,1.64249,1.015,1.16585,1.8,1.60718,1.01474,1.16718,1.57195,1.8,1.16718,1.57195,6.7675e-11,1.16718,1.57193,1.8,1.16585,1.57193,6.54588e-11,1.16585,1.57195,1.8,1.41698,1.57195,2.71916e-07,1.41698,1.57193,1.8,1.41695,1.57193,2.71703e-07,1.41695,1.01474,4.02071e-11,1.60718,1.01474,1.015,4.02068e-11,1.64249,1.015,1.01638,4.02054e-11,1.64226,1.01638,1.01638,4.02054e-11,1.64226,1.01638,-8.43355e-11,2.97528e-10,-2.43953e-13,2.73822e-11,-3.82727e-09,
0.032167,1.8,1.712,0,1.01579,0,1.42449,0.797881,1.42514,1.712,1.01579,1.42449,1.42514,1.7122,1.01431,1.15683,1.8,1.67326,1.01406,1.15877,1.42514,1.8,1.15877,1.42514,5.73964e-11,1.15877,1.42514,1.8,1.15683,1.42514,5.51079e-11,1.15683,1.42514,1.8,1.42449,1.42514,3.637e-07,1.42449,1.42514,1.8,1.42449,1.42514,3.63719e-07,1.42449,1.01406,4.02078e-11,1.67326,1.01406,1.01431,4.02075e-11,1.7122,1.01431,1.01579,4.0206e-11,1.712,1.01579,1.01579,4.0206e-11,1.712,1.01579,1.71402e-11,4.75963e-10,4.54471e-14,2.81459e-11,-1.10283e-07,
0.0322399,1.8,1.78567,0,1.01512,0,1.42933,0.360628,1.42945,1.78567,1.01512,1.42933,1.42945,1.78591,1.01359,1.15236,1.8,1.74364,1.01334,1.154,1.42945,1.8,1.154,1.42945,5.31536e-11,1.154,1.42945,1.8,1.15236,1.42945,5.1465e-11,1.15236,1.42945,1.8,1.42933,1.42945,4.32626e-07,1.42933,1.42945,1.8,1.42933,1.42945,4.3261e-07,1.42933,1.01334,4.02085e-11,1.74364,1.01334,1.01359,4.02082e-11,1.78591,1.01359,1.01512,4.02067e-11,1.78567,1.01512,1.01512,4.02067e-11,1.78567,1.01512,-1.7205e-11,1.20111e-09,-1.63462e-13,2.70949e-11,-1.00064e-07,
0.0323,1.8,1.8425,0,1.01451,0,1.42478,0,1.42485,1.8425,1.01451,1.42478,1.42485,1.8427,1.013,1.15027,1.8,1.80045,1.01275,1.15156,1.42485,1.8,1.15156,1.42485,5.12273e-11,1.15156,1.42485,1.8,1.15027,1.42485,4.9943e-11,1.15027,1.42485,1.8,1.42478,1.42485,3.79144e-07,1.42478,1.42485,1.8,1.42478,1.42485,3.79154e-07,1.42478,1.01275,4.02091e-11,1.80045,1.01275,1.013,4.02088e-11,1.8427,1.013,1.01451,4.02073e-11,1.8425,1.01451,1.01451,4.02073e-11,1.8425,1.01451,1.39372e-11,4.4392e-10,1.03395e-13,2.54792e-11,-1.10998e-07,
0.0323124,1.8,1.85285,0,1.0144,0,1.42656,0,1.42664,1.85285,1.0144,1.42656,1.42664,1.85304,1.01288,1.14993,1.8,1.8118,1.01263,1.15117,1.42664,1.8,1.15117,1.42664,5.10141e-11,1.15117,1.42664,1.8,1.14993,1.42664,4.97944e-11,1.14993,1.42664,1.8,1.42656,1.42664,4.02846e-07,1.42656,1.42664,1.8,1.42656,1.42664,4.0285e-07,1.42656,1.01263,4.02092e-11,1.8118,1.01263,1.01288,4.02089e-11,1.85304,1.01288,1.0144,4.02074e-11,1.85285,1.0144,1.0144,4.02074e-11,1.85285,1.0144,1.72425e-12,2.05222e-11,7.25432e-14,2.35917e-11,-1.06598e-07,
0.0323371,1.8,1.87137,0,1.01417,0,1.42699,0,1.42707,1.87137,1.01417,1.42699,1.42707,1.87152,1.01263,1.1492,1.8,1.83405,1.01239,1.15034,1.42707,1.8,1.15034,1.42707,5.0467e-11,1.15034,1.42707,1.8,1.1492,1.42707,4.93546e-11,1.1492,1.42707,1.8,1.42699,1.42707,4.10907e-07,1.42699,1.42707,1.8,1.42699,1.42707,4.10904e-07,1.42699,1.01239,4.02094e-11,1.83405,1.01239,1.01263,4.02092e-11,1.87152,1.01263,1.01417,4.02076e-11,1.87137,1.01417,1.01417,4.02076e-11,1.87137,1.01417,-2.13358e-12,-1.55844e-11,-3.53972e-13,1.93709e-11,-1.05591e-07,
0.0323865,1.8,1.89321,0,1.01368,0,1.42636,0,1.42644,1.89321,1.01368,1.42636,1.42644,1.89327,1.01215,1.14819,1.8,1.87113,1.01191,1.14911,1.42644,1.8,1.14911,1.42644,4.97241e-11,1.14911,1.42644,1.8,1.14819,1.42644,4.88194e-11,1.14819,1.42644,1.8,1.42636,1.42644,4.07517e-07,1.42636,1.42644,1.8,1.42636,1.42644,4.07519e-07,1.42636,1.01191,4.02099e-11,1.87113,1.01191,1.01215,4.02096e-11,1.89327,1.01215,1.01368,4.02081e-11,1.89321,1.01368,1.01368,4.02081e-11,1.89321,1.01368,1.05422e-12,1.19688e-11,1.09467e-13,8.96663e-12,-1.07064e-07,
0.0324853,1.8,1.90124,0,1.01273,0,1.42628,0,1.42636,1.90124,1.01273,1.42628,1.42636,1.90123,1.01119,1.14671,1.8,1.90097,1.01095,1.14729,1.42636,1.8,1.14729,1.42636,4.88655e-11,1.14729,1.42636,1.8,1.14671,1.42636,4.82611e-11,1.14671,1.42636,1.8,1.42628,1.42636,4.16294e-07,1.42628,1.42636,1.8,1.42628,1.42636,4.16293e-07,1.42628,1.01095,4.02108e-11,1.90097,1.01095,1.01119,4.02106e-11,1.90123,1.01119,1.01273,4.02091e-11,1.90124,1.01273,1.01273,4.02091e-11,1.90124,1.01273,-1.54272e-12,-1.22847e-11,-2.92158e-13,-2.02907e-12,-1.07259e-07,
0.0326829,1.8,1.89875,0,1.01081,0,1.42507,0,1.42515,1.89875,1.01081,1.42507,1.42515,1.89876,1.00927,1.14475,1.8,1.89953,1.00904,1.14493,1.42515,1.8,1.14493,1.42515,4.81584e-11,1.14493,1.42515,1.8,1.14475,1.42515,4.78771e-11,1.14475,1.42515,1.8,1.42507,1.42515,4.20057e-07,1.42507,1.42515,1.8,1.42507,1.42515,4.20058e-07,1.42507,1.00904,4.02127e-11,1.89953,1.00904,1.00927,4.02125e-11,1.89876,1.00927,1.01081,4.0211e-11,1.89875,1.01081,1.01081,4.0211e-11,1.89875,1.01081,1.06072e-12,1.0525e-11,1.40706e-13,8.54503e-13,-1.10187e-07,
0.0330781,1.8,1.90108,0,1.00698,0,1.42363,0,1.42372,1.90108,1.00698,1.42363,1.42372,1.90106,1.00544,1.14182,1.8,1.90012,1.00522,1.14182,1.42372,1.8,1.14182,1.42372,4.80172e-11,1.14182,1.42372,1.8,1.14182,1.42372,4.79077e-11,1.14182,1.42372,1.8,1.42363,1.42372,4.41072e-07,1.42363,1.42372,1.8,1.42363,1.42372,4.41071e-07,1.42363,1.00522,4.02165e-11,1.90012,1.00522,1.00544,4.02163e-11,1.90106,1.00544,1.00698,4.02148e-11,1.90108,1.00698,1.00698,4.02148e-11,1.90108,1.00698,-1.38071e-12,-1.15695e-11,-2.76301e-13,-1.23545e-12,-1.13764e-07,
0.0333,1.8,1.89957,0,1.00483,0,1.42235,1.56125e-14,1.42244,1.89957,1.00483,1.42235,1.42244,1.89957,1.00329,1.14023,1.8,1.89953,1.00308,1.14023,1.42244,1.8,1.14023,1.42244,4.80776e-11,1.14023,1.42244,1.8,1.14023,1.42244,4.7952e-11,1.14023,1.42244,1.8,1.42235,1.42244,4.46725e-07,1.42235,1.42244,1.8,1.42235,1.42244,4.46726e-07,1.42235,1.00308,4.02187e-11,1.89953,1.00308,1.00329,4.02185e-11,1.89957,1.00329,1.00483,4.02169e-11,1.89957,1.00483,1.00483,4.02169e-11,1.89957,1.00483,1.01522e-12,9.93001e-12,1.30162e-13,3.70631e-13,-1.1707e-07,
0.0333205,1.8,1.8996,0,1.00463,0,1.42251,0.123077,1.4226,1.8996,1.00463,1.42251,1.4226,1.8996,1.00309,1.14005,1.8,1.89958,1.00289,1.14008,1.4226,1.8,1.14008,1.4226,4.80891e-11,1.14008,1.4226,1.8,1.14005,1.4226,4.79535e-11,1.14005,1.4226,1.8,1.42251,1.4226,4.51196e-07,1.42251,1.4226,1.8,1.42251,1.4226,4.51197e-07,1.42251,1.00289,4.02189e-11,1.89958,1.00289,1.00309,4.02187e-11,1.8996,1.00309,1.00463,4.02171e-11,1.8996,1.00463,1.00463,4.02171e-11,1.8996,1.00463,1.00555e-14,-8.32032e-10,-7.02909e-14,-2.27474e-13,-1.1665e-07,
0.0333615,1.8,1.8996,0,1.00424,0,1.42235,0.369232,1.42248,1.8996,1.00424,1.42235,1.42249,1.8996,1.00269,1.13973,1.8,1.89958,1.00249,1.13978,1.42249,1.8,1.13978,1.42249,4.80936e-11,1.13978,1.42249,1.8,1.13973,1.42248,4.79444e-11,1.13973,1.42249,1.8,1.42235,1.42248,4.53361e-07,1.42235,1.42249,1.8,1.42235,1.42248,4.53361e-07,1.42235,1.00249,4.02193e-11,1.89958,1.00249,1.00269,4.02191e-11,1.8996,1.00269,1.00424,4.02175e-11,1.8996,1.00424,1.00424,4.02175e-11,1.8996,1.00424,-2.98668e-13,-8.35645e-10,-4.73425e-14,9.86688e-14,-1.16949e-07,
0.0334436,1.8,1.89958,0,1.00344,0,1.42119,0.861541,1.42306,1.89958,1.00344,1.42119,1.42306,1.89958,1.0019,1.13914,1.8,1.8996,1.0017,1.13919,1.42306,1.8,1.13919,1.42306,4.81082e-11,1.13919,1.42306,1.8,1.13914,1.42306,4.79564e-11,1.13914,1.42306,1.8,1.42119,1.42306,4.45433e-07,1.42119,1.42306,1.8,1.42119,1.42306,4.45433e-07,1.42119,1.0017,4.02201e-11,1.8996,1.0017,1.0019,4.02199e-11,1.89958,1.0019,1.00344,4.02183e-11,1.89958,1.00344,1.00344,4.02183e-11,1.89958,1.00344,3.088e-13,-7.94073e-10,-3.31471e-14,1.4201e-13,-1.15426e-07,
0.0334585,1.8,1.8996,0,1.00327,0,1.41765,0.951128,1.42673,1.8996,1.00327,1.41765,1.42673,1.8996,1.00175,1.13902,1.8,1.89956,1.00155,1.13909,1.42673,1.8,1.13909,1.42673,4.81057e-11,1.13909,1.42673,1.8,1.13902,1.42673,4.79595e-11,1.13902,1.42673,1.8,1.41765,1.42673,3.98963e-07,1.41764,1.42673,1.8,1.41765,1.42673,3.98967e-07,1.41765,1.00155,4.02202e-11,1.89956,1.00155,1.00175,4.022e-11,1.8996,1.00175,1.00327,4.02185e-11,1.8996,1.00327,1.00327,4.02185e-11,1.8996,1.00327,3.50482e-12,-4.74765e-10,2.8199e-14,-7.74881e-14,-1.06271e-07,
0.0334884,1.8,1.89962,0,1.00264,0,1.35838,1.1303,1.46639,1.89962,1.00264,1.35837,1.46638,1.89962,1.00146,1.13879,1.8,1.89951,1.00126,1.13887,1.46638,1.8,1.13887,1.46638,4.81074e-11,1.13887,1.46639,1.8,1.13879,1.46639,4.79532e-11,1.13879,1.46638,1.8,1.35838,1.46638,5.36454e-08,1.35837,1.46639,1.8,1.35838,1.46639,5.36629e-08,1.35838,1.00126,4.02205e-11,1.89951,1.00126,1.00146,4.02203e-11,1.89962,1.00146,1.00264,4.02191e-11,1.89962,1.00264,1.00264,4.02191e-11,1.89962,1.00264,3.52498e-11,-1.7692e-10,-1.16231e-14,-5.62893e-13,-4.27275e-08,
0.0335481,1.8,1.89964,0,1.00142,0,1.23809,1.48865,1.55236,1.89964,1.00142,1.23808,1.55233,1.89964,1.00088,1.13836,1.8,1.89954,1.00068,1.13844,1.55233,1.8,1.13844,1.55233,4.81238e-11,1.13844,1.55236,1.8,1.13836,1.55236,4.79603e-11,1.13836,1.55233,1.8,1.23808,1.55233,8.11703e-10,1.23808,1.55236,1.8,1.23809,1.55236,8.11849e-10,1.23809,1.00068,4.02211e-11,1.89954,1.00068,1.00088,4.02209e-11,1.89964,1.00088,1.00142,4.02203e-11,1.89964,1.00142,1.00142,4.02203e-11,1.89964,1.00142,6.89736e-12,-4.71057e-10,-7.3889e-14,-8.37519e-13,-5.39423e-09,
0.0336,1.8,1.89963,0,1.00066,0,1.19104,1.8,1.57172,1.89963,1.00066,1.19105,1.57168,1.8997,1.00038,1.13799,1.8,1.89953,1.00018,1.13808,1.57168,1.8,1.13808,1.57168,4.81359e-11,1.13808,1.57172,1.8,1.13799,1.57172,4.79753e-11,1.13799,1.57168,1.8,1.19105,1.57168,1.77289e-10,1.19105,1.57172,1.8,1.19104,1.57172,1.77267e-10,1.19104,1.00018,4.02216e-11,1.89953,1.00018,1.00038,4.02214e-11,1.8997,1.00038,1.00066,4.02211e-11,1.89963,1.00066,1.00066,4.02211e-11,1.89963,1.00066,4.0087e-12,-2.20197e-10,-5.77235e-14,2.5172e-13,-3.18868e-09,
0.0336081,1.8,1.89962,0,1.00054,0,1.18388,1.8,1.57387,1.89962,1.00054,1.18388,1.57384,1.89976,1.0003,1.13792,1.8,1.89943,1.00011,1.13802,1.57384,1.8,1.13802,1.57384,4.81131e-11,1.13802,1.57387,1.8,1.13792,1.57387,4.79855e-11,1.13792,1.57384,1.8,1.18388,1.57384,1.38756e-10,1.18388,1.57387,1.8,1.18388,1.57387,1.38742e-10,1.18388,1.00011,4.02217e-11,1.89943,1.00011,1.0003,4.02215e-11,1.89976,1.0003,1.00054,4.02212e-11,1.89962,1.00054,1.00054,4.02212e-11,1.89962,1.00054,3.81533e-12,-8.18262e-12,-4.62174e-14,1.0005e-12,-3.24641e-09,
0.0336243,1.8,1.8996,0,1.00032,0,1.17236,1.8,1.57796,1.8996,1.00032,1.17237,1.57793,1.89984,1.00015,1.13779,1.8,1.89934,0.999953,1.13791,1.57793,1.8,1.13791,1.57793,4.81355e-11,1.13791,1.57796,1.8,1.13779,1.57796,4.79903e-11,1.13779,1.57793,1.8,1.17237,1.57793,1.00212e-10,1.17237,1.57796,1.8,1.17236,1.57796,1.002e-10,1.17236,0.999953,4.02218e-11,1.89934,0.999953,1.00015,4.02216e-11,1.89984,1.00015,1.00032,4.02214e-11,1.8996,1.00032,1.00032,4.02214e-11,1.8996,1.00032,3.39471e-12,-3.79941e-12,-3.58693e-14,1.3528e-12,-2.93479e-09,
0.0336567,1.8,1.89959,0,0.999924,0,1.16014,1.8,1.58509,1.89959,0.999924,1.16014,1.58506,1.89983,0.999832,1.13756,1.8,1.89931,0.999641,1.13768,1.58506,1.8,1.13768,1.58506,4.81593e-11,1.13768,1.58509,1.8,1.13756,1.58509,4.79846e-11,1.13756,1.58506,1.8,1.16014,1.58506,7.20045e-11,1.16014,1.58509,1.8,1.16014,1.58509,7.20021e-11,1.16014,0.999641,4.02221e-11,1.89931,0.999641,0.999832,4.02219e-11,1.89983,0.999832,0.999924,4.02218e-11,1.89959,0.999924,0.999924,4.02218e-11,1.89959,0.999924,2.86954e-12,-4.54302e-14,-8.26181e-14,8.41418e-13,-2.46007e-09,
0.0337215,1.8,1.89964,0,0.999237,0,1.14867,1.8,1.59645,1.89964,0.999237,1.14867,1.59642,1.89977,0.999205,1.13712,1.8,1.89947,0.999017,1.13723,1.59642,1.8,1.13723,1.59642,4.81878e-11,1.13723,1.59645,1.8,1.13712,1.59645,4.80094e-11,1.13712,1.59642,1.8,1.14867,1.59642,5.89362e-11,1.14867,1.59645,1.8,1.14867,1.59645,5.89356e-11,1.14867,0.999017,4.02227e-11,1.89947,0.999017,0.999205,4.02226e-11,1.89977,0.999205,0.999237,4.02225e-11,1.89964,0.999237,0.999237,4.02225e-11,1.89964,0.999237,2.08394e-12,3.57981e-13,-2.7503e-14,-1.44194e-12,-1.85874e-09,
0.0338512,1.8,1.89962,0,0.997938,0,1.13932,1.8,1.61263,1.89962,0.997938,1.13932,1.6126,1.89957,0.997952,1.13625,1.8,1.8997,0.997769,1.13634,1.6126,1.8,1.13634,1.6126,4.82509e-11,1.13634,1.61263,1.8,1.13625,1.61263,4.80793e-11,1.13625,1.6126,1.8,1.13932,1.6126,5.05747e-11,1.13932,1.61263,1.8,1.13932,1.61263,5.05742e-11,1.13932,0.997769,4.0224e-11,1.8997,0.997769,0.997952,4.02238e-11,1.89957,0.997952,0.997938,4.02238e-11,1.89962,0.997938,0.997938,4.02238e-11,1.89962,0.997938,1.40055e-12,1.33343e-12,-6.69544e-14,8.83489e-13,-1.24764e-09,
0.034,1.8,1.89964,0,0.996487,0,1.13613,1.8,1.62536,1.89964,0.996487,1.13613,1.62533,1.89967,0.996515,1.13535,1.8,1.89961,0.996338,1.13534,1.62533,1.8,1.13534,1.62533,4.83336e-11,1.13534,1.62536,1.8,1.13535,1.62536,4.82264e-11,1.13535,1.62533,1.8,1.13613,1.62533,4.88343e-11,1.13613,1.62536,1.8,1.13613,1.62536,4.88346e-11,1.13613,0.996338,4.02254e-11,1.89961,0.996338,0.996515,4.02253e-11,1.89967,0.996515,0.996487,4.02253e-11,1.89964,0.996487,0.996487,4.02253e-11,1.89964,0.996487,9.64504e-13,5.89863e-13,-9.23882e-15,-1.45184e-12,-9.13943e-10,
0.034018,1.8,1.89965,0,0.996312,0,1.13609,1.8,1.62649,1.89965,0.996312,1.13609,1.62645,1.89963,0.99607,1.08507,1.69213,1.89967,0.995947,1.09478,1.62645,1.8,1.09478,1.62645,3.13664e-11,1.09478,1.62649,1.8,1.08507,1.62649,2.97093e-11,1.08507,1.62645,1.8,1.13609,1.62645,4.89364e-11,1.13609,1.62649,1.8,1.13609,1.62649,4.89365e-11,1.13609,0.995947,4.02258e-11,1.89967,0.995947,0.99607,4.02257e-11,1.89963,0.99607,0.996312,4.02255e-11,1.89965,0.996312,0.996312,4.02255e-11,1.89965,0.996312,3.13147e-10,6.29433e-13,2.05213e-14,-5.07809e-13,-1.07797e-09,
0.0340539,1.8,1.89968,0,0.99596,0,1.13565,1.8,1.62806,1.89968,0.99596,1.13565,1.62803,1.89959,0.996401,1.20962,1.47638,1.89971,0.996189,1.20273,1.62803,1.8,1.20273,1.62803,2.81832e-10,1.20273,1.62806,1.8,1.20962,1.62806,3.4386e-10,1.20962,1.62803,1.8,1.13565,1.62803,4.87949e-11,1.13565,1.62806,1.8,1.13565,1.62806,4.8795e-11,1.13565,0.996189,4.02256e-11,1.89971,0.996189,0.996401,4.02254e-11,1.89959,0.996401,0.99596,4.02258e-11,1.89968,0.99596,0.99596,4.02258e-11,1.89968,0.99596,4.44021e-10,3.15161e-13,1.29132e-13,7.18584e-15,-9.89491e-10,
0.0341259,1.8,1.89967,0,0.995257,0,1.13482,1.8,1.46339,1.89967,0.995257,1.13482,1.46338,1.8996,0.996822,1.41199,1.04489,1.89963,0.996656,1.41187,1.46338,1.8,1.41187,1.46338,3.90615e-07,1.41187,1.46339,1.8,1.41199,1.46339,3.9058e-07,1.41199,1.46338,1.8,1.13482,1.46338,4.85759e-11,1.13482,1.46339,1.8,1.13482,1.46339,4.85759e-11,1.13482,0.996656,4.02251e-11,1.89963,0.996656,0.996822,4.02249e-11,1.8996,0.996822,0.995257,4.02265e-11,1.89967,0.995257,0.995257,4.02265e-11,1.89967,0.995257,2.00108e-10,-6.78623e-11,1.33866e-13,1.84092e-13,-4.6466e-08,
0.0342142,1.8,1.89967,0,0.9944,0,1.13385,1.8,1.41223,1.89967,0.9944,1.13385,1.41217,1.89966,0.995974,1.41206,0.514779,1.89955,0.995813,1.412,1.41217,1.8,1.412,1.41217,4.00739e-07,1.412,1.41223,1.8,1.41206,1.41223,3.99909e-07,1.41206,1.41217,1.8,1.13385,1.41217,4.8339e-11,1.13385,1.41223,1.8,1.13385,1.41223,4.83389e-11,1.13385,0.995813,4.0226e-11,1.89955,0.995813,0.995974,4.02258e-11,1.89966,0.995974,0.9944,4.02274e-11,1.89967,0.9944,0.9944,4.02274e-11,1.89967,0.9944,1.08674e-09,5.05005e-11,-2.33085e-13,-6.26333e-13,-1.46681e-07,
0.0343,1.8,1.89966,0,0.993567,0,1.13311,1.8,1.42346,1.89966,0.993567,1.13311,1.42337,1.89963,0.995234,1.42335,0,1.89965,0.995067,1.42326,1.42337,1.8,1.42326,1.42337,5.86104e-07,1.42326,1.42346,1.8,1.42335,1.42346,5.85316e-07,1.42335,1.42337,1.8,1.13311,1.42337,4.82596e-11,1.13311,1.42346,1.8,1.13311,1.42346,4.82596e-11,1.13311,0.995067,4.02267e-11,1.89965,0.995067,0.995234,4.02265e-11,1.89963,0.995234,0.993567,4.02282e-11,1.89966,0.993567,0.993567,4.02282e-11,1.89966,0.993567,6.17332e-10,-4.69537e-11,5.83978e-14,-1.81977e-13,-1.14693e-07,
0.0343092,1.8,1.89969,0,0.993476,0,1.13304,1.8,1.41897,1.89969,0.993476,1.13304,1.4189,1.89965,0.995115,1.41888,0,1.8997,0.994949,1.4188,1.4189,1.8,1.4188,1.41889,5.09883e-07,1.4188,1.41897,1.8,1.41888,1.41897,5.09057e-07,1.41888,1.4189,1.8,1.13304,1.4189,4.82485e-11,1.13304,1.41897,1.8,1.13304,1.41897,4.82485e-11,1.13304,0.994949,4.02268e-11,1.8997,0.994949,0.995115,4.02267e-11,1.89965,0.995115,0.993476,4.02283e-11,1.89969,0.993476,0.993476,4.02283e-11,1.89969,0.993476,-6.91344e-11,-7.27645e-12,-1.5191e-13,-3.32605e-13,-1.26606e-07,
0.0343276,1.8,1.89972,0,0.993294,0,1.13289,1.8,1.41747,1.89972,0.993294,1.13289,1.41739,1.89966,0.994926,1.41737,0,1.89975,0.994763,1.4173,1.41739,1.8,1.4173,1.41739,4.88162e-07,1.4173,1.41747,1.8,1.41737,1.41747,4.87339e-07,1.41737,1.41739,1.8,1.13289,1.41739,4.82177e-11,1.13289,1.41747,1.8,1.13289,1.41747,4.82177e-11,1.13289,0.994763,4.0227e-11,1.89975,0.994763,0.994926,4.02269e-11,1.89966,0.994926,0.993294,4.02285e-11,1.89972,0.993294,0.993294,4.02285e-11,1.89972,0.993294,4.59197e-11,4.12072e-12,-1.42547e-13,-1.62073e-13,-1.30833e-07,
0.0343643,1.8,1.89975,0,0.992933,0,1.13258,1.8,1.41835,1.89975,0.992933,1.13258,1.41828,1.89965,0.994572,1.41826,0,1.89977,0.994418,1.41818,1.41828,1.8,1.41819,1.41828,5.06586e-07,1.41818,1.41835,1.8,1.41826,1.41835,5.05814e-07,1.41826,1.41828,1.8,1.13258,1.41828,4.81978e-11,1.13258,1.41835,1.8,1.13258,1.41835,4.81977e-11,1.13258,0.994418,4.02274e-11,1.89977,0.994418,0.994572,4.02272e-11,1.89965,0.994572,0.992933,4.02289e-11,1.89975,0.992933,0.992933,4.02289e-11,1.89975,0.992933,-3.90804e-11,-3.98191e-12,-8.7572e-14,-1.23137e-13,-1.28335e-07,
0.0344379,1.8,1.89969,0,0.992216,0,1.13199,1.8,1.41712,1.89969,0.992216,1.13199,1.41706,1.89964,0.993843,1.41702,0,1.89975,0.993702,1.41696,1.41706,1.8,1.41696,1.41705,4.95802e-07,1.41696,1.41712,1.8,1.41702,1.41712,4.9508e-07,1.41702,1.41706,1.8,1.13199,1.41706,4.8183e-11,1.13199,1.41712,1.8,1.13199,1.41712,4.8183e-11,1.13199,0.993702,4.02281e-11,1.89975,0.993702,0.993843,4.02279e-11,1.89964,0.993843,0.992216,4.02296e-11,1.89969,0.992216,0.992216,4.02296e-11,1.89969,0.992216,3.43323e-11,3.2042e-12,6.02629e-14,-1.65657e-13,-1.3184e-07,
0.034585,1.8,1.8996,0,0.990799,0,1.13087,1.8,1.4173,1.8996,0.990799,1.13087,1.41724,1.89964,0.992432,1.4172,0,1.8996,0.992297,1.41714,1.41724,1.8,1.41714,1.41724,5.16438e-07,1.41714,1.4173,1.8,1.4172,1.4173,5.15742e-07,1.4172,1.41724,1.8,1.13087,1.41724,4.81751e-11,1.13087,1.4173,1.8,1.13087,1.4173,4.8175e-11,1.13087,0.992297,4.02295e-11,1.8996,0.992297,0.992432,4.02294e-11,1.89964,0.992432,0.990799,4.0231e-11,1.8996,0.990799,0.990799,4.0231e-11,1.8996,0.990799,-3.39821e-11,-3.40313e-12,-1.66219e-13,-4.04375e-13,-1.31346e-07,
0.0348791,1.8,1.89964,0,0.987965,0,1.12883,1.8,1.41522,1.89964,0.987965,1.12883,1.41516,1.89962,0.989596,1.41512,0,1.89966,0.989473,1.41506,1.41516,1.8,1.41506,1.41516,5.18288e-07,1.41506,1.41522,1.8,1.41512,1.41522,5.17632e-07,1.41512,1.41516,1.8,1.12883,1.41516,4.83089e-11,1.12883,1.41522,1.8,1.12883,1.41522,4.83087e-11,1.12883,0.989473,4.02323e-11,1.89966,0.989473,0.989596,4.02322e-11,1.89962,0.989596,0.987965,4.02339e-11,1.89964,0.987965,0.987965,4.02339e-11,1.89964,0.987965,3.19722e-11,2.99669e-12,6.20102e-14,-1.32842e-13,-1.37494e-07,
0.0353,1.8,1.89961,0,0.983914,0,1.12578,1.8,1.41411,1.89961,0.983914,1.12578,1.41406,1.89964,0.985555,1.414,1.56125e-14,1.8996,0.985449,1.41395,1.41406,1.8,1.41395,1.41406,5.52809e-07,1.41395,1.41411,1.8,1.414,1.41411,5.52225e-07,1.414,1.41406,1.8,1.12578,1.41406,4.8377e-11,1.12578,1.41411,1.8,1.12578,1.41411,4.83768e-11,1.12578,0.985449,4.02364e-11,1.8996,0.985449,0.985555,4.02363e-11,1.89964,0.985555,0.983914,4.02379e-11,1.89961,0.983914,0.983914,4.02379e-11,1.89961,0.983914,-3.27204e-11,-3.27695e-12,-1.65164e-13,-3.5564e-13,-1.40928e-07,
0.03533,1.8,1.8996,0,0.983625,0,1.12556,1.8,1.41375,1.8996,0.983624,1.12556,1.4137,1.89963,0.985265,1.41362,0.18,1.89956,0.98516,1.41357,1.4137,1.8,1.41357,1.4137,5.50043e-07,1.41357,1.41375,1.8,1.41362,1.41374,5.49461e-07,1.41362,1.4137,1.8,1.12556,1.4137,4.84867e-11,1.12556,1.41375,1.8,1.12556,1.41375,4.84864e-11,1.12556,0.98516,4.02367e-11,1.89956,0.98516,0.985265,4.02366e-11,1.89963,0.985265,0.983624,4.02382e-11,1.8996,0.983624,0.983625,4.02382e-11,1.8996,0.983625,-8.34954e-10,-2.84041e-13,-4.24037e-14,4.71556e-14,-1.42038e-07,
0.03539,1.8,1.89958,0,0.983046,0,1.12513,1.8,1.41353,1.89958,0.983046,1.12513,1.41348,1.89963,0.984689,1.41328,0.54,1.89952,0.984586,1.41323,1.41348,1.8,1.41323,1.41348,5.51827e-07,1.41323,1.41353,1.8,1.41328,1.41353,5.51256e-07,1.41328,1.41348,1.8,1.12513,1.41348,4.85059e-11,1.12513,1.41353,1.8,1.12513,1.41353,4.85055e-11,1.12513,0.984586,4.02373e-11,1.89952,0.984586,0.984689,4.02372e-11,1.89963,0.984689,0.983046,4.02388e-11,1.89958,0.983046,0.983046,4.02388e-11,1.89958,0.983046,-8.33355e-10,-1.91725e-14,-4.16846e-14,6.05072e-14,-1.42709e-07,
0.03551,1.8,1.8996,0,0.981889,0,1.12428,1.8,1.50108,1.8996,0.981889,1.12428,1.50105,1.89963,0.982789,1.28139,1.26,1.89956,0.982693,1.28154,1.50105,1.8,1.28154,1.50105,6.3127e-09,1.28154,1.50108,1.8,1.28139,1.50108,6.25908e-09,1.28139,1.50105,1.8,1.12428,1.50105,4.84828e-11,1.12428,1.50108,1.8,1.12428,1.50108,4.84826e-11,1.12428,0.982693,4.02392e-11,1.89956,0.982693,0.982789,4.02391e-11,1.89963,0.982789,0.981889,4.024e-11,1.8996,0.981889,0.981889,4.024e-11,1.8996,0.981889,-2.65895e-10,2.12675e-11,-8.02264e-14,-2.49837e-13,-1.88502e-08,
0.0356,1.8,1.89959,0,0.981023,0,1.12365,1.8,1.5778,1.89959,0.981023,1.12365,1.57777,1.89963,0.981522,1.20501,1.8,1.89965,0.981424,1.20384,1.57777,1.8,1.20384,1.57777,4.11231e-10,1.20384,1.5778,1.8,1.20501,1.5778,4.2205e-10,1.20501,1.57777,1.8,1.12365,1.57777,4.85484e-11,1.12365,1.5778,1.8,1.12365,1.5778,4.85482e-11,1.12365,0.981424,4.02405e-11,1.89965,0.981424,0.981522,4.02404e-11,1.89963,0.981522,0.981023,4.02409e-11,1.89959,0.981023,0.981023,4.02409e-11,1.89959,0.981023,-3.9469e-10,3.56814e-12,-1.13052e-13,-4.92302e-13,-2.77164e-09,
0.0356114,1.8,1.89955,0,0.980912,0,1.12355,1.8,1.58037,1.89955,0.980912,1.12356,1.58035,1.89962,0.981306,1.18514,1.8,1.89971,0.981231,1.18683,1.58035,1.8,1.18683,1.58035,2.42181e-10,1.18683,1.58037,1.8,1.18514,1.58037,2.28686e-10,1.18514,1.58035,1.8,1.12356,1.58035,4.88653e-11,1.12356,1.58037,1.8,1.12355,1.58037,4.88647e-11,1.12355,0.981231,4.02407e-11,1.89971,0.981231,0.981306,4.02406e-11,1.89962,0.981306,0.980912,4.0241e-11,1.89955,0.980912,0.980912,4.0241e-11,1.89955,0.980912,-1.87547e-11,3.19774e-12,-1.7865e-13,-5.19509e-13,-2.76927e-09,
0.0356342,1.8,1.89951,0,0.98069,0,1.12338,1.8,1.58522,1.89951,0.98069,1.12338,1.5852,1.89961,0.980949,1.15958,1.8,1.89978,0.980902,1.16388,1.5852,1.8,1.16388,1.5852,1.14878e-10,1.16388,1.58522,1.8,1.15958,1.58522,9.92956e-11,1.15958,1.5852,1.8,1.12338,1.5852,4.88637e-11,1.12338,1.58522,1.8,1.12338,1.58522,4.88632e-11,1.12338,0.980902,4.0241e-11,1.89978,0.980902,0.980949,4.02409e-11,1.89961,0.980949,0.98069,4.02412e-11,1.89951,0.98069,0.98069,4.02412e-11,1.89951,0.98069,-4.02829e-12,2.92063e-12,7.61974e-14,-5.47452e-13,-2.45403e-09,
0.0356799,1.8,1.89954,0,0.980248,0,1.12305,1.8,1.59348,1.89954,0.980248,1.12305,1.59345,1.89962,0.98042,1.14302,1.8,1.89979,0.980394,1.14673,1.59345,1.8,1.14673,1.59345,7.75799e-11,1.14673,1.59348,1.8,1.14302,1.59348,7.09138e-11,1.14302,1.59345,1.8,1.12305,1.59345,4.86584e-11,1.12305,1.59348,1.8,1.12305,1.59348,4.86578e-11,1.12305,0.980394,4.02415e-11,1.89979,0.980394,0.98042,4.02415e-11,1.89962,0.98042,0.980248,4.02416e-11,1.89954,0.980248,0.980248,4.02416e-11,1.89954,0.980248,-7.49331e-13,1.83806e-12,-1.39677e-13,-3.36116e-13,-2.00126e-09,
0.0357712,1.8,1.89958,0,0.979368,0,1.12246,1.8,1.60622,1.89958,0.979368,1.12246,1.60619,1.89962,0.979463,1.12957,1.8,1.89976,0.979467,1.13249,1.60619,1.8,1.13249,1.60619,5.78775e-11,1.13249,1.60622,1.8,1.12957,1.60622,5.47423e-11,1.12957,1.60619,1.8,1.12246,1.60619,4.86304e-11,1.12246,1.60622,1.8,1.12246,1.60622,4.86301e-11,1.12246,0.979467,4.02424e-11,1.89976,0.979467,0.979463,4.02424e-11,1.89962,0.979463,0.979368,4.02425e-11,1.89958,0.979368,0.979368,4.02425e-11,1.89958,0.979368,7.02504e-13,2.08368e-12,1.13596e-13,-2.11737e-13,-1.46087e-09,
0.0359538,1.8,1.8996,0,0.977613,0,1.12124,1.8,1.62373,1.8996,0.977613,1.12124,1.6237,1.89963,0.977678,1.12221,1.8,1.89977,0.977695,1.1235,1.6237,1.8,1.1235,1.6237,5.03606e-11,1.1235,1.62373,1.8,1.12221,1.62373,4.92835e-11,1.12221,1.6237,1.8,1.12124,1.6237,4.86875e-11,1.12124,1.62373,1.8,1.12124,1.62373,4.86875e-11,1.12124,0.977695,4.02442e-11,1.89977,0.977695,0.977678,4.02443e-11,1.89963,0.977678,0.977613,4.02443e-11,1.8996,0.977613,0.977613,4.02443e-11,1.8996,0.977613,8.8903e-13,5.57336e-13,-1.87864e-13,-5.4153e-13,-9.51228e-10,
0.036,1.8,1.89955,0,0.97717,0,1.12096,1.8,1.62705,1.89955,0.97717,1.12096,1.62702,1.89962,0.977233,1.12167,1.8,1.89965,0.977251,1.12269,1.62702,1.8,1.12269,1.62702,4.99915e-11,1.12269,1.62705,1.8,1.12167,1.62705,4.91693e-11,1.12167,1.62702,1.8,1.12096,1.62702,4.86093e-11,1.12096,1.62705,1.8,1.12096,1.62705,4.86095e-11,1.12096,0.977251,4.02447e-11,1.89965,0.977251,0.977233,4.02447e-11,1.89962,0.977233,0.97717,4.02448e-11,1.89955,0.97717,0.97717,4.02448e-11,1.89955,0.97717,8.14896e-13,1.46859e-12,9.5248e-14,4.92014e-13,-8.77462e-10,
0.0360128,1.8,1.89951,0,0.976653,0.07683,1.12067,1.8,1.62791,1.89951,0.976653,1.12067,1.62788,1.89961,0.976716,1.12133,1.8,1.89961,0.976734,1.12233,1.62788,1.8,1.12233,1.62788,4.84356e-11,1.12233,1.62791,1.8,1.12133,1.62791,4.76224e-11,1.12133,1.62788,1.8,1.12067,1.62788,4.703e-11,1.12067,1.62791,1.8,1.12067,1.62791,4.70302e-11,1.12067,0.976734,4.31063e-10,1.89961,0.976734,0.976716,4.31062e-10,1.89961,0.976716,0.976653,4.3106e-10,1.89951,0.976653,0.976653,4.3106e-10,1.89951,0.976653,6.06448e-13,6.75364e-13,-2.91949e-10,-1.90108e-13,-8.61796e-10,
0.0360384,1.8,1.8996,0,0.943671,0.23049,1.1036,1.8,1.62959,1.8996,0.943671,1.1036,1.62956,1.89961,0.943737,1.10411,1.8,1.89955,0.943857,1.10814,1.62956,1.8,1.10814,1.62956,-7.36407e-11,1.10814,1.62959,1.8,1.10411,1.62959,-7.7602e-11,1.10411,1.62956,1.8,1.1036,1.62956,-7.80095e-11,1.1036,1.62959,1.8,1.1036,1.62959,-7.80093e-11,1.1036,0.943857,2.29345e-08,1.89955,0.943857,0.943737,2.29342e-08,1.89961,0.943737,0.943671,2.2934e-08,1.8996,0.943671,0.943671,2.2934e-08,1.8996,0.943671,-1.59133e-11,-1.76119e-11,-2.86465e-10,-7.24986e-11,-9.42975e-10,
0.0360448,1.8,1.8996,0,0.90057,0.268905,1.08091,1.8,1.63,1.8996,0.90057,1.08091,1.62997,1.8996,0.900635,1.08138,1.8,1.89957,0.900888,1.08935,1.62997,1.8,1.08935,1.62997,-2.72411e-10,1.08935,1.63,1.8,1.08138,1.63,-2.85895e-10,1.08138,1.62997,1.8,1.08091,1.62997,-2.86555e-10,1.08091,1.63,1.8,1.08091,1.63,-2.86554e-10,1.08091,0.900888,6.07856e-08,1.89957,0.900888,0.900635,6.07838e-08,1.8996,0.900635,0.90057,6.07834e-08,1.8996,0.90057,0.90057,6.07834e-08,1.8996,0.90057,-4.33484e-11,-4.74658e-11,-3.21062e-10,-1.89374e-10,-1.1273e-09,
0.0360576,1.8,1.8996,0,0.582672,0.345735,0.895466,1.8,1.6308,1.8996,0.582672,0.895466,1.63077,1.89959,0.582734,0.895706,1.8,1.89958,0.583872,0.916343,1.63077,1.8,0.916343,1.63077,-1.30835e-09,0.916343,1.6308,1.8,0.895706,1.6308,-1.78861e-09,0.895706,1.63077,1.8,0.895466,1.63077,-1.79176e-09,0.895466,1.6308,1.8,0.895466,1.6308,-1.79176e-09,0.895466,0.583872,3.86946e-07,1.89958,0.583872,0.582734,3.86897e-07,1.89959,0.582734,0.582672,3.86894e-07,1.8996,0.582672,0.582672,3.86894e-07,1.8996,0.582672,-3.37332e-10,-3.46221e-10,-6.00645e-10,-1.2074e-09,-2.6885e-09,
0.0360592,1.8,1.89959,0,0.499439,0.355118,0.84334,1.8,1.6309,1.89959,0.499439,0.843339,1.63087,1.89958,0.4995,0.843524,1.8,1.89957,0.500855,0.864559,1.63087,1.8,0.864559,1.63087,-1.22811e-09,0.864559,1.6309,1.8,0.843524,1.6309,-2.039e-09,0.843524,1.63087,1.8,0.843339,1.63087,-2.0427e-09,0.843339,1.6309,1.8,0.84334,1.6309,-2.0427e-09,0.84334,0.500855,4.79612e-07,1.89957,0.500855,0.499499,4.7954e-07,1.89958,0.4995,0.499438,4.79536e-07,1.89959,0.499439,0.499438,4.79536e-07,1.89959,0.499439,-4.53034e-10,-4.54287e-10,-6.86552e-10,-1.50011e-09,-3.05659e-09,
0.0360623,1.8,1.89958,0,0.289548,0.373884,0.701339,1.8,1.63109,1.89958,0.289548,0.701339,1.63106,1.89957,0.289607,0.701426,1.8,1.89955,0.291492,0.720189,1.63106,1.8,0.720189,1.63106,-7.64093e-10,0.720189,1.63109,1.8,0.701426,1.63109,-2.39778e-09,0.701426,1.63106,1.8,0.701339,1.63106,-2.40044e-09,0.701339,1.63109,1.8,0.701339,1.63109,-2.40044e-09,0.701339,0.291491,7.29224e-07,1.89955,0.291492,0.289606,7.29058e-07,1.89957,0.289607,0.289547,7.29052e-07,1.89958,0.289548,0.289548,7.29052e-07,1.89958,0.289548,-7.98725e-10,-7.86718e-10,-9.09488e-10,-2.2757e-09,-4.07803e-09,
0.0360631,1.8,1.89958,0,0.219512,0.378575,0.650317,1.8,1.63114,1.89958,0.219512,0.650317,1.63111,1.89957,0.219571,0.650388,1.8,1.89954,0.221629,0.668161,1.63111,1.8,0.668161,1.63111,-7.02867e-10,0.668161,1.63114,1.8,0.650388,1.63114,-2.4849e-09,0.650388,1.63111,1.8,0.650317,1.63111,-2.48685e-09,0.650317,1.63114,1.8,0.650317,1.63114,-2.48685e-09,0.650317,0.221628,8.06341e-07,1.89954,0.221629,0.21957,8.0611e-07,1.89957,0.219571,0.219511,8.06103e-07,1.89958,0.219512,0.219511,8.06103e-07,1.89958,0.219512,-9.04576e-10,-8.92314e-10,-9.5431e-10,-2.51946e-09,-4.40164e-09,
0.0360647,1.8,1.89953,0,0.0685377,0.387958,0.537047,1.8,1.63124,1.89953,0.0685377,0.537047,1.63121,1.89952,0.0685862,0.537093,1.8,1.89948,0.0706707,0.552829,1.63121,1.8,0.552829,1.63121,-5.01171e-10,0.552829,1.63124,1.8,0.537093,1.63124,-2.4745e-09,0.537093,1.63121,1.8,0.537047,1.63121,-2.4746e-09,0.537047,1.63124,1.8,0.537047,1.63124,-2.4746e-09,0.537047,0.0706698,9.35834e-07,1.89948,0.0706707,0.0685852,9.31488e-07,1.89952,0.0685862,0.0685367,9.31381e-07,1.89953,0.0685377,0.0685368,9.31382e-07,1.89953,0.0685377,-1.09012e-09,-1.08417e-09,-1.13959e-09,-2.91707e-09,-4.81764e-09,
0.0360651,1.8,1.89945,0,0.0345334,0.390304,0.509339,1.8,1.63126,1.89945,0.0345333,0.509339,1.63123,1.89944,0.0345655,0.509373,1.8,1.89941,0.0360345,0.52411,1.63123,1.8,0.52411,1.63123,1.52972e-10,0.52411,1.63126,1.8,0.509373,1.63126,-1.59286e-09,0.509373,1.63123,1.8,0.509339,1.63123,-1.59148e-09,0.509339,1.63126,1.8,0.509339,1.63126,-1.59148e-09,0.509339,0.0360337,8.00008e-07,1.89941,0.0360345,0.0345648,7.83517e-07,1.89944,0.0345656,0.0345325,7.83143e-07,1.89945,0.0345333,0.0345326,7.83144e-07,1.89945,0.0345334,-9.79591e-10,-9.61279e-10,-1.26414e-09,-2.46519e-09,-4.21034e-09,
0.0360658,1.8,1.89897,0,0.000219666,0.394995,0.472975,1.8,1.63131,1.89897,0.000219659,0.472975,1.63128,1.89896,0.000225637,0.472993,1.8,1.89898,0.000542484,0.484968,1.63128,1.8,0.484968,1.63128,3.2143e-09,0.484968,1.63131,1.8,0.472993,1.63131,2.11127e-09,0.472993,1.63128,1.8,0.472975,1.63128,2.11173e-09,0.472975,1.63131,1.8,0.472975,1.63131,2.11173e-09,0.472975,0.000542465,2.2976e-08,1.89898,0.000542485,0.00022563,1.08022e-08,1.89896,0.000225637,0.000219653,1.05715e-08,1.89897,0.00021966,0.000219659,1.05717e-08,1.89897,0.000219666,-2.99499e-10,-2.50401e-10,-1.68958e-09,-1.75347e-09,-1.04446e-09,
0.0360663,1.8,1.89853,0,9.43297e-06,0.397517,0.465315,1.8,1.63134,1.89853,9.43264e-06,0.465315,1.63131,1.89852,9.74404e-06,0.465327,1.8,1.89857,2.3406e-05,0.475456,1.63131,1.8,0.475456,1.63131,2.35196e-09,0.475456,1.63134,1.8,0.465327,1.63134,1.66078e-09,0.465327,1.63131,1.8,0.465315,1.63131,1.65999e-09,0.465315,1.63134,1.8,0.465315,1.63134,1.65999e-09,0.465315,2.34039e-05,-1.47152e-10,1.89857,2.34063e-05,9.7425e-06,-7.50643e-10,1.89852,9.74439e-06,9.43111e-06,-7.64017e-10,1.89853,9.43298e-06,9.43144e-06,-7.64003e-10,1.89853,9.43331e-06,-2.30133e-10,-2.16686e-10,4.11978e-10,1.33345e-09,-1.03511e-09,
0.0360665,1.8,1.89832,0,1.92522e-06,0.398774,0.461593,1.8,1.63135,1.89832,1.92511e-06,0.461593,1.63132,1.89831,2.02723e-06,0.461603,1.8,1.89837,4.63142e-06,0.471145,1.63132,1.8,0.471145,1.63132,2.08522e-09,0.471145,1.63135,1.8,0.461603,1.63135,1.45847e-09,0.461603,1.63132,1.8,0.461593,1.63132,1.45812e-09,0.461593,1.63135,1.8,0.461593,1.63135,1.45812e-09,0.461593,4.63322e-06,2.24011e-09,1.89837,4.63176e-06,2.02921e-06,2.1533e-09,1.89831,2.02756e-06,1.92709e-06,2.14947e-09,1.89832,1.92544e-06,1.9272e-06,2.14947e-09,1.89832,1.92555e-06,-9.88366e-11,-6.20518e-11,-1.65877e-09,-1.41511e-09,-9.42439e-10,
0.0360668,1.8,1.89795,0,2.34652e-06,0.40088,0.45738,1.8,1.63137,1.89795,2.34657e-06,0.45738,1.63134,1.89794,2.2981e-06,0.45739,1.8,1.89803,2.71545e-06,0.46622,1.63134,1.8,0.46622,1.63134,1.6617e-09,0.46622,1.63137,1.8,0.45739,1.63137,1.3412e-09,0.45739,1.63134,1.8,0.45738,1.63134,1.33847e-09,0.45738,1.63137,1.8,0.45738,1.63137,1.33847e-09,0.45738,2.71425e-06,-9.71894e-10,1.89803,2.71579e-06,2.29687e-06,-1.03562e-09,1.89794,2.29845e-06,2.34534e-06,-1.03424e-09,1.89795,2.34691e-06,2.34529e-06,-1.03424e-09,1.89795,2.34686e-06,-2.54881e-10,-2.63964e-10,4.01494e-10,1.35879e-09,-1.00468e-09,
0.0360675,1.8,1.89724,0,8.12243e-06,0.405092,0.450128,1.8,1.63141,1.89724,8.12243e-06,0.450128,1.63138,1.89723,8.12408e-06,0.450133,1.8,1.89735,4.72677e-06,0.457248,1.63138,1.8,0.457248,1.63138,1.28216e-09,0.457248,1.63141,1.8,0.450133,1.63141,8.61793e-10,0.450133,1.63138,1.8,0.450128,1.63138,8.63887e-10,0.450128,1.63141,1.8,0.450128,1.63141,8.63885e-10,0.450128,4.7286e-06,2.26497e-09,1.89735,4.72712e-06,8.12579e-06,2.4669e-09,1.89723,8.12441e-06,8.12414e-06,2.46753e-09,1.89724,8.12276e-06,8.12415e-06,2.46753e-09,1.89724,8.12276e-06,1.09764e-13,1.48199e-11,-1.68329e-09,-1.41008e-09,-9.75814e-10,
0.0360689,1.8,1.89586,0,1.09183e-05,0.413515,0.440193,1.8,1.6315,1.89586,1.09183e-05,0.440193,1.63147,1.89586,1.09156e-05,0.440197,1.8,1.89605,1.19009e-05,0.446621,1.63147,1.8,0.446621,1.63147,8.04432e-10,0.446621,1.6315,1.8,0.440197,1.6315,7.73297e-10,0.440197,1.63147,1.8,0.440193,1.63147,7.70942e-10,0.440193,1.6315,1.8,0.440193,1.6315,7.70944e-10,0.440193,1.18992e-05,-4.01075e-10,1.89605,1.19012e-05,1.09139e-05,-4.98198e-10,1.89586,1.09159e-05,1.09167e-05,-4.98758e-10,1.89586,1.09187e-05,1.09167e-05,-4.98757e-10,1.89586,1.09187e-05,-1.98337e-10,-2.06289e-10,3.5358e-10,1.35827e-09,-1.0029e-09,
0.0360717,1.8,1.89331,0,1.07436e-05,0.430362,0.427478,1.8,1.63167,1.89331,1.07436e-05,0.427478,1.63164,1.8933,1.07445e-05,0.42748,1.8,1.89361,9.83068e-06,0.433436,1.63164,1.8,0.433436,1.63164,5.7547e-10,0.433436,1.63167,1.8,0.42748,1.63167,3.34723e-10,0.42748,1.63164,1.8,0.427478,1.63164,3.36962e-10,0.427478,1.63167,1.8,0.427478,1.63167,3.3696e-10,0.427478,9.83214e-06,2.8301e-09,1.89361,9.83102e-06,1.07459e-05,2.93841e-09,1.8933,1.07448e-05,1.0745e-05,2.93905e-09,1.89331,1.07439e-05,1.0745e-05,2.93905e-09,1.89331,1.07439e-05,7.1676e-11,8.29799e-11,-1.76956e-09,-1.40784e-09,-9.65265e-10,
0.0360773,1.8,1.88879,0,8.24347e-06,0.464056,0.413059,1.8,1.63201,1.88879,8.24347e-06,0.413059,1.63198,1.88878,8.24271e-06,0.41306,1.8,1.88929,8.67011e-06,0.418416,1.63198,1.8,0.418416,1.63198,2.74663e-10,0.418416,1.63201,1.8,0.41306,1.63201,3.63861e-10,0.41306,1.63198,1.8,0.413059,1.63198,3.61574e-10,0.413059,1.63201,1.8,0.413059,1.63201,3.61577e-10,0.413059,8.66825e-06,8.07366e-11,1.88929,8.67044e-06,8.24086e-06,-1.15369e-11,1.88878,8.24306e-06,8.24162e-06,-1.21582e-11,1.88879,8.24381e-06,8.24162e-06,-1.21574e-11,1.88879,8.24382e-06,-1.43637e-10,-1.53263e-10,2.22827e-10,1.36386e-09,-9.91369e-10,
0.0360886,1.8,1.88141,0,4.48658e-06,0.531444,0.398608,1.8,1.63269,1.88141,4.48658e-06,0.398608,1.63266,1.88141,4.48691e-06,0.398608,1.8,1.88217,4.25327e-06,0.403318,1.63266,1.8,0.403318,1.63266,2.36724e-10,0.403318,1.63269,1.8,0.398608,1.63269,6.89426e-11,0.398608,1.63266,1.8,0.398608,1.63266,7.1213e-11,0.398608,1.63269,1.8,0.398608,1.63269,7.12109e-11,0.398608,4.2546e-06,3.24392e-09,1.88217,4.25361e-06,4.48823e-06,3.34098e-09,1.88141,4.48724e-06,4.4879e-06,3.34161e-09,1.88141,4.48691e-06,4.4879e-06,3.34161e-09,1.88141,4.48691e-06,1.06948e-10,1.17446e-10,-1.89655e-09,-1.39986e-09,-9.49065e-10,
0.036111,1.8,1.87052,0,2.12442e-06,0.66622,0.385035,1.8,1.634,1.87052,2.12442e-06,0.385034,1.63397,1.87052,2.12426e-06,0.385035,1.8,1.87158,2.22478e-06,0.388993,1.63397,1.8,0.388993,1.63397,8.23086e-11,0.388993,1.634,1.8,0.385035,1.634,2.1023e-10,0.385035,1.63397,1.8,0.385034,1.63397,2.07954e-10,0.385034,1.634,1.8,0.385035,1.634,2.07957e-10,0.385035,2.22285e-06,2.65284e-10,1.87158,2.2251e-06,2.12234e-06,1.71301e-10,1.87052,2.1246e-06,2.12249e-06,1.70671e-10,1.87052,2.12476e-06,2.12249e-06,1.70672e-10,1.87052,2.12476e-06,-1.2441e-10,-1.34394e-10,1.71872e-10,1.3733e-09,-9.60754e-10,
0.036156,1.8,1.85609,0,1.03796e-06,0.935772,0.374979,1.8,1.63651,1.85609,1.03796e-06,0.374979,1.63648,1.85609,1.03803e-06,0.374979,1.8,1.85743,9.86923e-07,0.377743,1.63648,1.8,0.377743,1.63648,1.35059e-10,0.377743,1.63651,1.8,0.374979,1.63651,-1.24508e-11,0.374979,1.63648,1.8,0.374979,1.63648,-1.0177e-11,0.374979,1.63651,1.8,0.374979,1.63651,-1.01791e-11,0.374979,9.88219e-07,3.287e-09,1.85743,9.87257e-07,1.03932e-06,3.38295e-09,1.85609,1.03835e-06,1.03924e-06,3.38359e-09,1.85609,1.03828e-06,1.03924e-06,3.38358e-09,1.85609,1.03828e-06,1.17868e-10,1.28232e-10,-1.9002e-09,-1.39101e-09,-8.8705e-10,
0.0362458,1.8,1.83857,0,5.62147e-07,1.47488,0.368685,1.8,1.64109,1.83857,5.62147e-07,0.368685,1.64106,1.83857,5.62107e-07,0.368685,1.8,1.84016,5.88864e-07,0.369669,1.64106,1.8,0.369669,1.64106,3.23439e-11,0.369669,1.64109,1.8,0.368685,1.64109,1.71868e-10,0.368685,1.64106,1.8,0.368685,1.64106,1.69593e-10,0.368685,1.64109,1.8,0.368685,1.64109,1.69596e-10,0.368685,5.86924e-07,2.73744e-10,1.84016,5.89182e-07,5.60175e-07,1.791e-10,1.83857,5.62438e-07,5.60215e-07,1.78469e-10,1.83857,5.62478e-07,5.60215e-07,1.7847e-10,1.83857,5.62478e-07,-1.18561e-10,-1.28655e-10,1.74092e-10,1.38009e-09,-8.46766e-10,
0.0363,1.8,1.83161,0,4.66409e-07,1.8,0.368325,1.8,1.6436,1.83161,4.66409e-07,0.368325,1.64357,1.83161,4.66442e-07,0.368325,1.8,1.83329,4.43995e-07,0.36882,1.64357,1.8,0.36882,1.64357,1.16526e-10,0.36882,1.6436,1.8,0.368325,1.6436,-2.54246e-11,0.368325,1.64357,1.8,0.368325,1.64357,-2.31506e-11,0.368325,1.6436,1.8,0.368325,1.6436,-2.31525e-11,0.368325,4.45289e-07,3.28907e-09,1.83329,4.44324e-07,4.67728e-07,3.38391e-09,1.83161,4.66757e-07,4.67695e-07,3.38454e-09,1.83161,4.66724e-07,4.67695e-07,3.38454e-09,1.83161,4.66724e-07,1.19615e-10,1.29831e-10,-1.89872e-09,-1.3876e-09,-7.78626e-10,
0.0363135,1.8,1.8301,0,1.51872e-07,1.8,0.368266,1.8,1.6442,1.8301,1.51872e-07,0.368265,1.64417,1.8301,1.51873e-07,0.368266,1.8,1.83179,1.5088e-07,0.368686,1.64417,1.8,0.368686,1.64417,7.3726e-11,0.368686,1.6442,1.8,0.368266,1.6442,7.30139e-11,0.368266,1.64417,1.8,0.368265,1.64417,7.30133e-11,0.368265,1.6442,1.8,0.368266,1.6442,7.30139e-11,0.368266,1.50558e-07,3.22227e-10,1.83179,1.51203e-07,1.51551e-07,3.22167e-10,1.8301,1.52195e-07,1.5155e-07,3.22167e-10,1.8301,1.52194e-07,1.5155e-07,3.22167e-10,1.8301,1.52194e-07,5.49352e-13,5.86749e-13,-4.23641e-14,-3.06083e-12,-7.86344e-10,
0.0363406,1.8,1.82712,0,1.42966e-07,1.8,0.368121,1.8,1.64538,1.82712,1.42966e-07,0.36812,1.64535,1.82712,1.42965e-07,0.368121,1.8,1.82882,1.43055e-07,0.368329,1.64535,1.8,0.368329,1.64535,7.3121e-11,0.368329,1.64538,1.8,0.368121,1.64538,7.27714e-11,0.368121,1.64535,1.8,0.36812,1.64535,7.27708e-11,0.36812,1.64538,1.8,0.368121,1.64538,7.27714e-11,0.368121,1.42733e-07,3.21489e-10,1.82882,1.43377e-07,1.42644e-07,3.21288e-10,1.82712,1.43287e-07,1.42644e-07,3.21289e-10,1.82712,1.43287e-07,1.42644e-07,3.21289e-10,1.82712,1.43287e-07,5.17853e-13,5.38704e-13,1.61518e-15,-1.77346e-12,-7.71545e-10,
0.0363948,1.8,1.8216,0,1.42741e-07,1.8,0.367926,1.8,1.64764,1.8216,1.42741e-07,0.367926,1.64761,1.8216,1.42741e-07,0.367926,1.8,1.82323,1.42888e-07,0.367823,1.64761,1.8,0.367823,1.64761,7.22696e-11,0.367823,1.64764,1.8,0.367926,1.64764,7.24467e-11,0.367926,1.64761,1.8,0.367926,1.64761,7.2446e-11,0.367926,1.64764,1.8,0.367926,1.64764,7.24467e-11,0.367926,1.42566e-07,3.21117e-10,1.82323,1.43208e-07,1.4242e-07,3.20788e-10,1.8216,1.43062e-07,1.4242e-07,3.20788e-10,1.8216,1.43062e-07,1.4242e-07,3.20788e-10,1.8216,1.43062e-07,5.12196e-13,5.08775e-13,-1.57119e-15,-1.00669e-12,-7.42433e-10,
0.0365032,1.8,1.81327,0,1.42038e-07,1.8,0.36789,1.8,1.6518,1.81327,1.42038e-07,0.36789,1.65177,1.81327,1.42038e-07,0.36789,1.8,1.815,1.41988e-07,0.368008,1.65177,1.8,0.368008,1.65177,7.256e-11,0.368008,1.6518,1.8,0.36789,1.6518,7.23635e-11,0.36789,1.65177,1.8,0.36789,1.65177,7.23627e-11,0.36789,1.6518,1.8,0.36789,1.6518,7.23635e-11,0.36789,1.41669e-07,3.19091e-10,1.815,1.42307e-07,1.41718e-07,3.19203e-10,1.81327,1.42357e-07,1.41718e-07,3.19203e-10,1.81327,1.42357e-07,1.41718e-07,3.19203e-10,1.81327,1.42357e-07,6.29097e-13,6.04595e-13,1.57022e-15,-3.20507e-12,-6.88621e-10,
0.0367199,1.8,1.80074,0,1.40799e-07,1.8,0.368152,1.8,1.65899,1.80074,1.40799e-07,0.368152,1.65896,1.80074,1.40799e-07,0.368152,1.8,1.80228,1.40965e-07,0.367521,1.65896,1.8,0.367521,1.65896,7.17579e-11,0.367521,1.65899,1.8,0.368152,1.65899,7.2825e-11,0.368152,1.65896,1.8,0.368152,1.65896,7.28239e-11,0.368152,1.65899,1.8,0.368152,1.65899,7.2825e-11,0.368152,1.40648e-07,3.16796e-10,1.80228,1.41281e-07,1.40482e-07,3.16423e-10,1.80074,1.41116e-07,1.40483e-07,3.16423e-10,1.80074,1.41116e-07,1.40483e-07,3.16423e-10,1.80074,1.41116e-07,4.81478e-13,4.23918e-13,-1.57162e-15,7.0464e-13,-6.17324e-10,
0.0371533,1.8,1.78547,0,1.39783e-07,1.8,0.368595,1.8,1.67033,1.78547,1.39783e-07,0.368594,1.6703,1.78547,1.39783e-07,0.368595,1.8,1.78713,1.39992e-07,0.368852,1.6703,1.8,0.368852,1.6703,7.38523e-11,0.368852,1.67033,1.8,0.368595,1.67033,7.35657e-11,0.368595,1.6703,1.8,0.368594,1.6703,7.35639e-11,0.368594,1.67033,1.8,0.368595,1.67033,7.35657e-11,0.368595,1.39677e-07,3.14605e-10,1.78713,1.40306e-07,1.39469e-07,3.14137e-10,1.78547,1.40097e-07,1.39469e-07,3.14137e-10,1.78547,1.40097e-07,1.39469e-07,3.14137e-10,1.78547,1.40097e-07,3.40038e-13,3.69593e-13,1.57065e-15,-2.63669e-12,-5.17758e-10,
0.0373,1.8,1.78197,0,1.3937e-07,1.8,0.368626,1.8,1.67347,1.78197,1.3937e-07,0.368625,1.67344,1.78197,1.3937e-07,0.368626,1.8,1.78362,1.39335e-07,0.368632,1.67344,1.8,0.368632,1.67344,7.36213e-11,0.368632,1.67347,1.8,0.368626,1.67347,7.36249e-11,0.368626,1.67344,1.8,0.368625,1.67344,7.36228e-11,0.368625,1.67347,1.8,0.368626,1.67347,7.36249e-11,0.368626,1.39022e-07,3.13133e-10,1.78362,1.39649e-07,1.39056e-07,3.13211e-10,1.78197,1.39683e-07,1.39056e-07,3.13211e-10,1.78197,1.39683e-07,1.39056e-07,3.13211e-10,1.78197,1.39683e-07,2.68954e-13,2.6273e-13,-1.5711e-15,1.32245e-12,-5.02048e-10,
0.0373255,1.8,1.78117,0,-1.76186e-07,1.64716,0.368675,1.8,1.67399,1.78117,-1.76186e-07,0.368674,1.67396,1.78117,-1.76186e-07,0.368675,1.8,1.78275,-1.7597e-07,0.368639,1.67396,1.8,0.368639,1.67396,7.36467e-11,0.368639,1.67399,1.8,0.368675,1.67399,7.37086e-11,0.368675,1.67396,1.8,0.368674,1.67396,7.37065e-11,0.368674,1.67399,1.8,0.368675,1.67399,7.37086e-11,0.368675,-1.76284e-07,-1.145e-09,1.78275,-1.75657e-07,-1.765e-07,-1.14532e-09,1.78117,-1.75873e-07,-1.765e-07,-1.14532e-09,1.78117,-1.75873e-07,-1.765e-07,-1.14532e-09,1.78117,-1.75873e-07,3.11558e-13,3.22997e-13,8.62121e-10,8.9181e-13,-4.97749e-10,
0.0373764,1.8,1.77958,0,-2.46344e-07,1.34148,0.368704,1.8,1.67501,1.77958,-2.46344e-07,0.368703,1.67498,1.77958,-2.46344e-07,0.368704,1.8,1.78104,-2.46121e-07,0.368593,1.67498,1.8,0.368593,1.67498,7.35677e-11,0.368593,1.67501,1.8,0.368704,1.67501,7.37575e-11,0.368704,1.67498,1.8,0.368703,1.67498,7.37554e-11,0.368703,1.67501,1.8,0.368704,1.67501,7.37576e-11,0.368704,-2.46435e-07,-1.14542e-09,1.78104,-2.45808e-07,-2.46657e-07,-1.1458e-09,1.77958,-2.46031e-07,-2.46657e-07,-1.1458e-09,1.77958,-2.46031e-07,-2.46657e-07,-1.1458e-09,1.77958,-2.46031e-07,2.83409e-13,2.91627e-13,8.62819e-10,1.07427e-12,-4.91401e-10,
0.0374783,1.8,1.77761,0,-6.7187e-07,0.730109,0.36877,1.8,1.67697,1.77761,-6.7187e-07,0.368768,1.67694,1.77761,-6.7187e-07,0.36877,1.8,1.77811,-6.71483e-07,0.368581,1.67694,1.8,0.368581,1.67694,7.35468e-11,0.368581,1.67697,1.8,0.36877,1.67697,7.38707e-11,0.36877,1.67694,1.8,0.368768,1.67694,7.38683e-11,0.368768,1.67697,1.8,0.36877,1.67697,7.38707e-11,0.36877,-6.71796e-07,-1.14556e-09,1.77811,-6.7117e-07,-6.72183e-07,-1.1458e-09,1.77761,-6.71557e-07,-6.72183e-07,-1.1458e-09,1.77761,-6.71557e-07,-6.72182e-07,-1.1458e-09,1.77761,-6.71557e-07,2.55503e-13,2.52509e-13,8.64151e-10,-1.58431e-12,-4.76514e-10,
0.0376,1.8,1.7864,0,0.00154944,0,0.369911,1.8,1.67919,1.7864,0.00154944,0.36991,1.67916,1.7864,0.00154944,0.369911,1.8,1.78639,0.00154707,0.369603,1.67916,1.8,0.369603,1.67916,7.45152e-11,0.369603,1.67919,1.8,0.369911,1.67919,7.50357e-11,0.369911,1.67916,1.8,0.36991,1.67916,7.50332e-11,0.36991,1.67919,1.8,0.369911,1.67919,7.50357e-11,0.369911,0.00154707,-1.89317e-11,1.78639,0.00154707,0.00154944,-1.89313e-11,1.7864,0.00154944,0.00154944,-1.89313e-11,1.7864,0.00154944,0.00154944,-1.89313e-11,1.7864,0.00154944,5.19845e-13,5.36134e-13,2.48571e-10,1.18915e-11,-4.35243e-10,
0.0376152,1.8,1.78948,0,0.00194675,0,0.369792,1.8,1.67946,1.78948,0.00194675,0.369791,1.67942,1.78948,0.00194675,0.369792,1.8,1.7893,0.00194305,0.36942,1.67942,1.8,0.36942,1.67942,7.38138e-11,0.36942,1.67946,1.8,0.369792,1.67946,7.44324e-11,0.369792,1.67942,1.8,0.369791,1.67942,7.44298e-11,0.369791,1.67946,1.8,0.369792,1.67946,7.44324e-11,0.369792,0.00194305,3.60087e-12,1.7893,0.00194305,0.00194675,3.60276e-12,1.78948,0.00194675,0.00194675,3.60276e-12,1.78948,0.00194675,0.00194675,3.60276e-12,1.78948,0.00194675,9.83367e-13,1.03071e-12,1.42209e-13,1.21042e-11,-4.26066e-10,
0.0376456,1.8,1.79668,0,0.00270197,0,0.369807,1.8,1.67998,1.79668,0.00270197,0.369805,1.67995,1.79668,0.00270197,0.369807,1.8,1.7961,0.00269621,0.369382,1.67995,1.8,0.369382,1.67995,7.23837e-11,0.369382,1.67998,1.8,0.369807,1.67998,7.30735e-11,0.369807,1.67995,1.8,0.369805,1.67995,7.30709e-11,0.369805,1.67998,1.8,0.369807,1.67998,7.30735e-11,0.369807,0.00269621,4.93181e-12,1.7961,0.00269621,0.00270197,4.93547e-12,1.79668,0.00270197,0.00270197,4.93547e-12,1.79668,0.00270197,0.00270197,4.93548e-12,1.79668,0.00270197,9.22617e-13,9.85178e-13,1.28148e-13,1.33917e-11,-4.1182e-10,
0.0377063,1.8,1.81426,0,0.00407175,0,0.37035,1.8,1.68102,1.81426,0.00407175,0.370348,1.68099,1.81426,0.00407175,0.37035,1.8,1.81277,0.00405496,0.370188,1.68099,1.8,0.370188,1.68099,7.20387e-11,0.370188,1.68102,1.8,0.37035,1.68102,7.16751e-11,0.37035,1.68099,1.8,0.370348,1.68099,7.16724e-11,0.370348,1.68102,1.8,0.37035,1.68102,7.16751e-11,0.37035,0.00405496,7.24319e-12,1.81277,0.00405496,0.00407175,7.2619e-12,1.81426,0.00407175,0.00407175,7.2619e-12,1.81426,0.00407175,0.00407175,7.2619e-12,1.81426,0.00407175,8.43972e-13,8.09402e-13,1.16699e-13,6.69541e-12,-3.97054e-10,
0.0378279,1.8,1.84835,0,0.00653362,0,0.373923,1.8,1.68302,1.84835,0.00653362,0.373921,1.68298,1.84835,0.00653362,0.373923,1.8,1.84584,0.00650872,0.373479,1.68298,1.8,0.373479,1.68298,7.37437e-11,0.373479,1.68302,1.8,0.373923,1.68302,7.50038e-11,0.373923,1.68298,1.8,0.373921,1.68298,7.50007e-11,0.373921,1.68302,1.8,0.373923,1.68302,7.50038e-11,0.373923,0.00650872,1.11293e-11,1.84584,0.00650872,0.00653362,1.11539e-11,1.84835,0.00653362,0.00653362,1.11539e-11,1.84835,0.00653362,0.00653362,1.11539e-11,1.84835,0.00653362,4.07012e-13,4.73413e-13,1.03583e-13,9.96727e-12,-3.75827e-10,
0.0380709,1.8,1.87992,0,0.0107328,0,0.377106,1.8,1.68671,1.87992,0.0107328,0.377104,1.68668,1.87992,0.0107328,0.377106,1.8,1.87894,0.0107012,0.377104,1.68668,1.8,0.377104,1.68668,7.43307e-11,0.377104,1.68671,1.8,0.377106,1.68671,7.37249e-11,0.377106,1.68668,1.8,0.377104,1.68668,7.37213e-11,0.377104,1.68671,1.8,0.377106,1.68671,7.37249e-11,0.377106,0.0107012,1.6941e-11,1.87894,0.0107012,0.0107328,1.69624e-11,1.87992,0.0107328,0.0107328,1.69624e-11,1.87992,0.0107328,0.0107328,1.69624e-11,1.87992,0.0107328,6.1057e-13,6.12408e-13,8.43533e-14,-1.66532e-12,-3.35569e-10,
0.0385571,1.8,1.88519,0,0.0170993,0,0.383342,1.8,1.69317,1.88519,0.0170993,0.383339,1.69313,1.88519,0.0170993,0.383342,1.8,1.88559,0.017062,0.382945,1.69313,1.8,0.382945,1.69313,7.50587e-11,0.382945,1.69317,1.8,0.383342,1.69317,7.62669e-11,0.383342,1.69313,1.8,0.383339,1.69313,7.62623e-11,0.383339,1.69317,1.8,0.383342,1.69317,7.62668e-11,0.383342,0.017062,2.39401e-11,1.88559,0.017062,0.0170993,2.39521e-11,1.88519,0.0170993,0.0170993,2.39521e-11,1.88519,0.0170993,0.0170993,2.39521e-11,1.88519,0.0170993,1.00826e-13,1.03642e-13,5.80039e-14,3.04638e-12,-2.87108e-10,
0.0395293,1.8,1.8903,0,0.0252342,0,0.390299,1.8,1.70348,1.8903,0.0252342,0.390295,1.70345,1.8903,0.0252342,0.390299,1.8,1.89004,0.0252037,0.390301,1.70345,1.8,0.390301,1.70345,7.648e-11,0.390301,1.70348,1.8,0.390299,1.70348,7.5866e-11,0.390299,1.70345,1.8,0.390295,1.70345,7.5859e-11,0.390295,1.70348,1.8,0.390299,1.70348,7.5866e-11,0.390299,0.0252037,3.01924e-11,1.89004,0.0252037,0.0252342,3.0186e-11,1.8903,0.0252342,0.0252342,3.0186e-11,1.8903,0.0252342,0.0252342,3.0186e-11,1.8903,0.0252342,4.07952e-13,3.98607e-13,3.30645e-14,-2.29168e-12,-2.30541e-10,
0.0407293,1.8,1.89205,0,0.0309934,0,0.396509,1.8,1.71307,1.89205,0.0309934,0.396504,1.71303,1.89205,0.0309934,0.396509,1.8,1.89227,0.0309708,0.396272,1.71303,1.8,0.396272,1.71303,7.85738e-11,0.396272,1.71307,1.8,0.396509,1.71307,7.95531e-11,0.396509,1.71303,1.8,0.396504,1.71303,7.95428e-11,0.396504,1.71307,1.8,0.396509,1.71307,7.95532e-11,0.396509,0.0309708,3.319e-11,1.89227,0.0309708,0.0309934,3.31753e-11,1.89205,0.0309934,0.0309934,3.31753e-11,1.89205,0.0309934,0.0309934,3.31753e-11,1.89205,0.0309934,-3.11567e-14,-1.97609e-14,1.91793e-14,2.64893e-12,-1.94043e-10,
0.0419293,1.8,1.89349,0,0.0344789,0,0.400195,1.8,1.72046,1.89349,0.0344789,0.400188,1.72042,1.89349,0.0344789,0.400195,1.8,1.89333,0.0344683,0.400202,1.72042,1.8,0.400202,1.72042,8.08652e-11,0.400202,1.72046,1.8,0.400195,1.72046,8.02537e-11,0.400195,1.72042,1.8,0.400188,1.72042,8.02398e-11,0.400188,1.72046,1.8,0.400195,1.72046,8.02537e-11,0.400195,0.0344683,3.46198e-11,1.89333,0.0344683,0.0344789,3.46019e-11,1.89349,0.0344789,0.0344789,3.46019e-11,1.89349,0.0344789,0.0344789,3.46019e-11,1.89349,0.0344789,3.02524e-13,2.87852e-13,1.24548e-14,-2.42268e-12,-1.71956e-10,
0.0431293,1.8,1.89377,0,0.0367703,0,0.403506,1.8,1.7264,1.89377,0.0367703,0.403497,1.72636,1.89377,0.0367703,0.403506,1.8,1.89393,0.0367681,0.403346,1.72636,1.8,0.403346,1.72636,8.32008e-11,0.403346,1.7264,1.8,0.403506,1.7264,8.40813e-11,0.403506,1.72636,1.8,0.403497,1.72636,8.40633e-11,0.403497,1.7264,1.8,0.403506,1.7264,8.40812e-11,0.403506,0.0367681,3.53435e-11,1.89393,0.0367681,0.0367703,3.53219e-11,1.89377,0.0367703,0.0367703,3.53219e-11,1.89377,0.0367703,0.0367703,3.53219e-11,1.89377,0.0367703,-8.43321e-14,-6.77823e-14,8.34302e-15,2.54696e-12,-1.58319e-10,
0.0443293,1.8,1.89441,0,0.0383553,0,0.405741,1.8,1.7313,1.89441,0.0383553,0.405731,1.73126,1.89441,0.0383553,0.405741,1.8,1.89426,0.0383623,0.405745,1.73126,1.8,0.405745,1.73126,8.57493e-11,0.405745,1.7313,1.8,0.405741,1.7313,8.51777e-11,0.405741,1.73126,1.8,0.405731,1.73126,8.5156e-11,0.405731,1.7313,1.8,0.405741,1.7313,8.51776e-11,0.405741,0.0383623,3.58037e-11,1.89426,0.0383623,0.0383553,3.57796e-11,1.89441,0.0383553,0.0383553,3.57796e-11,1.89441,0.0383553,0.0383553,3.57796e-11,1.89441,0.0383553,2.56367e-13,2.37939e-13,6.05078e-15,-2.44655e-12,-1.48262e-10,
0.0455293,1.8,1.8944,0,0.0394758,0,0.407911,1.8,1.73539,1.8944,0.0394758,0.407899,1.73535,1.8944,0.0394758,0.407911,1.8,1.89454,0.0394894,0.407804,1.73535,1.8,0.407804,1.73535,8.8032e-11,0.407804,1.73539,1.8,0.407911,1.73539,8.88585e-11,0.407911,1.73535,1.8,0.407899,1.73535,8.88332e-11,0.407899,1.73539,1.8,0.407911,1.73539,8.88585e-11,0.407911,0.0394894,3.61066e-11,1.89454,0.0394894,0.0394758,3.60809e-11,1.8944,0.0394758,0.0394758,3.60809e-11,1.8944,0.0394758,0.0394758,3.60809e-11,1.8944,0.0394758,-1.08427e-13,-8.87526e-14,4.12482e-15,2.50236e-12,-1.41304e-10,
0.0467293,1.8,1.8948,0,0.0402768,0,0.409452,1.8,1.73885,1.8948,0.0402768,0.40944,1.73882,1.8948,0.0402768,0.409452,1.8,1.89469,0.0403081,0.409452,1.73882,1.8,0.409452,1.73882,9.04227e-11,0.409452,1.73885,1.8,0.409452,1.73885,8.99905e-11,0.409452,1.73882,1.8,0.40944,1.73882,8.99618e-11,0.40944,1.73885,1.8,0.409452,1.73885,8.99905e-11,0.409452,0.0403081,3.63147e-11,1.89469,0.0403081,0.0402768,3.6285e-11,1.8948,0.0402768,0.0402768,3.6285e-11,1.8948,0.0402768,0.0402768,3.6285e-11,1.8948,0.0402768,2.29082e-13,2.08177e-13,3.17879e-15,-2.44917e-12,-1.3568e-10,
0.0479293,1.8,1.89471,0,0.0408576,0,0.410983,1.8,1.7418,1.89471,0.0408576,0.41097,1.74176,1.89471,0.0408576,0.410983,1.8,1.89483,0.040891,0.410924,1.74176,1.8,0.410924,1.74176,9.27226e-11,0.410924,1.7418,1.8,0.410983,1.7418,9.34151e-11,0.410983,1.74176,1.8,0.41097,1.74176,9.33832e-11,0.41097,1.7418,1.8,0.410983,1.7418,9.34151e-11,0.410983,0.040891,3.64571e-11,1.89483,0.040891,0.0408576,3.64271e-11,1.89471,0.0408576,0.0408576,3.64271e-11,1.89471,0.0408576,0.0408576,3.64271e-11,1.89471,0.0408576,-1.2315e-13,-1.01575e-13,2.09287e-15,2.47515e-12,-1.31669e-10,
0.0491293,1.8,1.89498,0,0.0412865,0,0.412091,1.8,1.74432,1.89498,0.0412865,0.412077,1.74428,1.89498,0.0412865,0.412091,1.8,1.89489,0.0413107,0.412105,1.74428,1.8,0.412105,1.74428,9.48845e-11,0.412105,1.74432,1.8,0.412091,1.74432,9.43379e-11,0.412091,1.74428,1.8,0.412077,1.74428,9.43034e-11,0.412077,1.74432,1.8,0.412091,1.74432,9.43378e-11,0.412091,0.0413107,3.65565e-11,1.89489,0.0413107,0.0412865,3.6529e-11,1.89498,0.0412865,0.0412865,3.6529e-11,1.89498,0.0412865,0.0412865,3.6529e-11,1.89498,0.0412865,2.10499e-13,1.88084e-13,1.77549e-15,-2.44508e-12,-1.28233e-10,
0.0503293,1.8,1.89488,0,0.0415952,0,0.413233,1.8,1.74647,1.89488,0.0415952,0.413219,1.74643,1.89488,0.0415952,0.413233,1.8,1.89497,0.0416158,0.413179,1.74643,1.8,0.413179,1.74643,9.68745e-11,0.413179,1.74647,1.8,0.413233,1.74647,9.75746e-11,0.413233,1.74643,1.8,0.413219,1.74643,9.75379e-11,0.413219,1.74647,1.8,0.413233,1.74647,9.75746e-11,0.413233,0.0416158,3.66273e-11,1.89497,0.0416158,0.0415952,3.66009e-11,1.89488,0.0415952,0.0415952,3.66009e-11,1.89488,0.0415952,0.0415952,3.66009e-11,1.89488,0.0415952,-1.3278e-13,-1.09602e-13,1.01553e-15,2.45683e-12,-1.25729e-10,
0.0515293,1.8,1.89507,0,0.0418187,0,0.414039,1.8,1.74832,1.89507,0.0418186,0.414024,1.74828,1.89507,0.0418186,0.414039,1.8,1.895,0.0418486,0.414027,1.74828,1.8,0.414027,1.74828,9.86349e-11,0.414027,1.74832,1.8,0.414039,1.74832,9.82301e-11,0.414039,1.74828,1.8,0.414024,1.74828,9.81916e-11,0.414024,1.74832,1.8,0.414039,1.74832,9.82301e-11,0.414039,0.0418486,3.66805e-11,1.895,0.0418486,0.0418186,3.6652e-11,1.89507,0.0418186,0.0418186,3.6652e-11,1.89507,0.0418186,0.0418187,3.6652e-11,1.89507,0.0418187,1.96636e-13,1.72976e-13,1.03207e-15,-2.43925e-12,-1.23522e-10,
0.0527293,1.8,1.89497,0,0.041981,0,0.414895,1.8,1.7499,1.89497,0.041981,0.41488,1.74987,1.89497,0.041981,0.414895,1.8,1.89505,0.0420296,0.414837,1.74987,1.8,0.414837,1.74987,1.00295e-10,0.414837,1.7499,1.8,0.414895,1.7499,1.01119e-10,0.414895,1.74987,1.8,0.41488,1.74987,1.01079e-10,0.41488,1.7499,1.8,0.414895,1.7499,1.01119e-10,0.414895,0.0420296,3.67214e-11,1.89505,0.0420296,0.041981,3.66888e-11,1.89497,0.041981,0.041981,3.66888e-11,1.89497,0.041981,0.041981,3.66888e-11,1.89497,0.041981,-1.39019e-13,-1.14844e-13,4.82174e-16,2.44412e-12,-1.21905e-10,
0.0539293,1.8,1.89511,0,0.0421056,0,0.415453,1.8,1.75127,1.89511,0.0421056,0.415438,1.75123,1.89511,0.0421056,0.415453,1.8,1.89506,0.0421544,0.415482,1.75123,1.8,0.415482,1.75123,1.01944e-10,0.415482,1.75127,1.8,0.415453,1.75127,1.01393e-10,0.415453,1.75123,1.8,0.415438,1.75123,1.01352e-10,0.415438,1.75127,1.8,0.415453,1.75127,1.01393e-10,0.415453,0.0421544,3.67493e-11,1.89506,0.0421544,0.0421056,3.67168e-11,1.89511,0.0421056,0.0421056,3.67168e-11,1.89511,0.0421056,0.0421056,3.67168e-11,1.89511,0.0421056,1.85897e-13,1.60734e-13,6.4861e-16,-2.43317e-12,-1.2041e-10,
0.0551293,1.8,1.89502,0,0.0422031,0,0.416106,1.8,1.75244,1.89502,0.0422031,0.416092,1.7524,1.89502,0.0422031,0.416106,1.8,1.89509,0.0422384,0.416077,1.7524,1.8,0.416077,1.7524,1.03285e-10,0.416077,1.75244,1.8,0.416106,1.75244,1.03947e-10,0.416106,1.7524,1.8,0.416092,1.7524,1.03905e-10,0.416092,1.75244,1.8,0.416106,1.75244,1.03947e-10,0.416106,0.0422384,3.6768e-11,1.89509,0.0422384,0.0422031,3.67386e-11,1.89502,0.0422031,0.0422031,3.67386e-11,1.89502,0.0422031,0.0422031,3.67386e-11,1.89502,0.0422031,-1.43196e-13,-1.17363e-13,-3.07868e-16,2.44923e-12,-1.19351e-10,
0.0563293,1.8,1.89513,0,0.0422798,0,0.41652,1.8,1.75344,1.89513,0.0422798,0.416505,1.75341,1.89513,0.0422798,0.41652,1.8,1.89509,0.0423093,0.416529,1.75341,1.8,0.416529,1.75341,1.04466e-10,0.416529,1.75344,1.8,0.41652,1.75344,1.0395e-10,0.41652,1.75341,1.8,0.416505,1.75341,1.03908e-10,0.416505,1.75344,1.8,0.41652,1.75344,1.0395e-10,0.41652,0.0423093,3.67837e-11,1.89509,0.0423093,0.0422798,3.67555e-11,1.89513,0.0422798,0.0422798,3.67555e-11,1.89513,0.0422798,0.0422798,3.67555e-11,1.89513,0.0422798,1.77505e-13,1.51236e-13,8.05215e-16,-2.44197e-12,-1.18295e-10,
0.0575293,1.8,1.89505,0,0.0423414,0,0.417021,1.8,1.7543,1.89505,0.0423414,0.417006,1.75427,1.89505,0.0423414,0.417021,1.8,1.89511,0.0423692,0.416984,1.75427,1.8,0.416984,1.75427,1.05512e-10,0.416984,1.7543,1.8,0.417021,1.7543,1.06197e-10,0.417021,1.75427,1.8,0.417006,1.75427,1.06156e-10,0.417006,1.7543,1.8,0.417021,1.7543,1.06197e-10,0.417021,0.0423692,3.67969e-11,1.89511,0.0423692,0.0423414,3.67691e-11,1.89505,0.0423414,0.0423414,3.67691e-11,1.89505,0.0423414,0.0423414,3.67691e-11,1.89505,0.0423414,-1.45652e-13,-1.18863e-13,-1.99532e-17,2.44105e-12,-1.17588e-10,
0.0587293,1.8,1.89515,0,0.0423721,0,0.417336,1.8,1.75504,1.89515,0.0423721,0.417322,1.75501,1.89515,0.0423721,0.417336,1.8,1.89511,0.0424053,0.41733,1.75501,1.8,0.41733,1.75501,1.06605e-10,0.41733,1.75504,1.8,0.417336,1.75504,1.06174e-10,0.417336,1.75501,1.8,0.417322,1.75501,1.06132e-10,0.417322,1.75504,1.8,0.417336,1.75504,1.06174e-10,0.417336,0.0424053,3.68048e-11,1.89511,0.0424053,0.0423721,3.67759e-11,1.89515,0.0423721,0.0423721,3.67759e-11,1.89515,0.0423721,0.0423721,3.67759e-11,1.89515,0.0423721,1.7116e-13,1.4403e-13,7.01268e-16,-2.45311e-12,-1.16755e-10,
0.0599293,1.8,1.89507,0,0.0423954,0,0.417677,1.8,1.75567,1.89507,0.0423954,0.417663,1.75564,1.89507,0.0423954,0.417677,1.8,1.89512,0.0424241,0.417659,1.75564,1.8,0.417659,1.75564,1.07403e-10,0.417659,1.75567,1.8,0.417677,1.75567,1.07995e-10,0.417677,1.75564,1.8,0.417663,1.75564,1.07953e-10,0.417663,1.75567,1.8,0.417677,1.75567,1.07995e-10,0.417677,0.0424241,3.68089e-11,1.89512,0.0424241,0.0423954,3.67811e-11,1.89507,0.0423954,0.0423954,3.67811e-11,1.89507,0.0423954,0.0423954,3.67811e-11,1.89507,0.0423954,-1.48112e-13,-1.20847e-13,-4.77924e-16,2.42825e-12,-1.16356e-10,
0.06,1.8,1.89511,0,0.0423967,0,0.417668,1.8,1.7557,1.89511,0.0423967,0.417654,1.75567,1.89511,0.0423967,0.417668,1.8,1.89512,0.0424164,0.417738,1.75567,1.8,0.417738,1.75567,1.08652e-10,0.417738,1.7557,1.8,0.417668,1.7557,1.07087e-10,0.417668,1.75567,1.8,0.417654,1.75567,1.07046e-10,0.417654,1.7557,1.8,0.417668,1.7557,1.07087e-10,0.417668,0.0424164,3.68072e-11,1.89512,0.0424164,0.0423967,3.67813e-11,1.89511,0.0423967,0.0423967,3.67813e-11,1.89511,0.0423967,0.0423967,3.67813e-11,1.89511,0.0423967,1.75793e-13,1.31327e-13,1.32493e-15,-2.4095e-12,-1.16061e-10